,mean_fit_time,mean_score_time,mean_test_score,mean_train_score,param_criterion,param_max_depth,param_min_samples_leaf,param_min_samples_split,params,rank_test_score,split0_test_score,split0_train_score,split1_test_score,split1_train_score,split2_test_score,split2_train_score,split3_test_score,split3_train_score,split4_test_score,split4_train_score,split5_test_score,split5_train_score,std_fit_time,std_score_time,std_test_score,std_train_score
196,0.0426787932714,0.00122638543447,0.733696815005,0.743618141979,entropy,26.0,0.11290322580645162,0.10000000000000001,"{'min_samples_split': 0.10000000000000001, 'criterion': 'entropy', 'max_depth': 26.0, 'min_samples_leaf': 0.11290322580645162}",1,0.762790859368,0.738141814402,0.749692726547,0.738586461182,0.718119456562,0.746817143413,0.721718371543,0.744363424504,0.726971532792,0.747236380168,0.722853342472,0.746563628208,0.000742380524333,6.77777820378e-05,0.0165921862265,0.00382676034245
127,0.0431884527206,0.00126767158508,0.733696815005,0.743618141979,entropy,7.0,0.11290322580645162,0.10000000000000001,"{'min_samples_split': 0.10000000000000001, 'criterion': 'entropy', 'max_depth': 7.0, 'min_samples_leaf': 0.11290322580645162}",1,0.762790859368,0.738141814402,0.749692726547,0.738586461182,0.718119456562,0.746817143413,0.721718371543,0.744363424504,0.726971532792,0.747236380168,0.722853342472,0.746563628208,0.000877666078637,2.75133387463e-05,0.0165921862265,0.00382676034245
58,0.035550514857,0.00120004018148,0.732933520386,0.742406368839,gini,19.0,0.12580645161290324,0.24516129032258066,"{'min_samples_split': 0.24516129032258066, 'criterion': 'gini', 'max_depth': 19.0, 'min_samples_leaf': 0.12580645161290324}",3,0.764908570502,0.737966209318,0.748376088792,0.736978252291,0.710842050847,0.744242319402,0.722023315114,0.742779401334,0.727073180649,0.746551278598,0.724340886253,0.745920752089,0.000602034839868,6.63590288398e-05,0.0181508644003,0.00370181262081
2,0.0346075296402,0.00120639801025,0.727822614962,0.73258262419,gini,17.0,0.10000000000000001,0.70967741935483875,"{'min_samples_split': 0.70967741935483875, 'criterion': 'gini', 'max_depth': 17.0, 'min_samples_leaf': 0.10000000000000001}",4,0.75130133494,0.727380318667,0.744799541757,0.729995421506,0.707719428681,0.737372616792,0.724010385507,0.734179058757,0.720386494194,0.732608104817,0.718688684561,0.733960224599,0.00110971423946,3.90339588942e-05,0.0152598870847,0.00319240413823
47,0.0344616969426,0.00125980377197,0.727822614962,0.73258262419,gini,32.0,0.10000000000000001,0.65161290322580645,"{'min_samples_split': 0.65161290322580645, 'criterion': 'gini', 'max_depth': 32.0, 'min_samples_leaf': 0.10000000000000001}",4,0.75130133494,0.727380318667,0.744799541757,0.729995421506,0.707719428681,0.737372616792,0.724010385507,0.734179058757,0.720386494194,0.732608104817,0.718688684561,0.733960224599,0.000373162993247,4.04455177736e-05,0.0152598870847,0.00319240413823
191,0.0421133041382,0.00127212206523,0.727168445744,0.732506568854,entropy,17.0,0.10000000000000001,0.6225806451612903,"{'min_samples_split': 0.6225806451612903, 'criterion': 'entropy', 'max_depth': 17.0, 'min_samples_leaf': 0.10000000000000001}",6,0.75130133494,0.727380318667,0.744799541757,0.729995421506,0.703793498022,0.736916284781,0.724010385507,0.734179058757,0.720386494194,0.732608104817,0.718688684561,0.733960224599,0.000167878962432,1.69688979079e-05,0.0161649686289,0.00308086956314
38,0.0420833826065,0.00123397509257,0.727168445744,0.732506568854,entropy,29.0,0.10000000000000001,0.65161290322580645,"{'min_samples_split': 0.65161290322580645, 'criterion': 'entropy', 'max_depth': 29.0, 'min_samples_leaf': 0.10000000000000001}",6,0.75130133494,0.727380318667,0.744799541757,0.729995421506,0.703793498022,0.736916284781,0.724010385507,0.734179058757,0.720386494194,0.732608104817,0.718688684561,0.733960224599,0.000436248513857,4.39425269524e-05,0.0161649686289,0.00308086956314
76,0.0373738209407,0.00126671791077,0.723280995988,0.72977616466,entropy,30.0,0.15161290322580645,0.27419354838709675,"{'min_samples_split': 0.27419354838709675, 'criterion': 'entropy', 'max_depth': 30.0, 'min_samples_leaf': 0.15161290322580645}",8,0.752229535552,0.725333930683,0.738743355936,0.724347822331,0.708180619529,0.733907901253,0.711796379013,0.729744272079,0.71888675267,0.73176364221,0.709815117069,0.733559419405,0.000853524276952,5.27095616378e-05,0.0165235730302,0.00375356921317
67,0.0369528532028,0.00116900602976,0.723058811524,0.729945557399,entropy,14.0,0.13870967741935486,0.12903225806451613,"{'min_samples_split': 0.12903225806451613, 'criterion': 'entropy', 'max_depth': 14.0, 'min_samples_leaf': 0.13870967741935486}",9,0.752970589599,0.725363078201,0.738189683961,0.724426499236,0.708180619529,0.733907901253,0.710140390212,0.730185724204,0.718280931443,0.732104277877,0.710555694313,0.733685863624,0.000795426540072,3.11643322048e-05,0.0167909050761,0.00378300877335
40,0.0362257957458,0.00117985407511,0.720197197801,0.727129445768,entropy,24.0,0.12580645161290324,0.33225806451612905,"{'min_samples_split': 0.33225806451612905, 'criterion': 'entropy', 'max_depth': 24.0, 'min_samples_leaf': 0.12580645161290324}",10,0.745047279132,0.720254900267,0.738189683961,0.724426499236,0.699712481776,0.728165564812,0.711213791581,0.730213789389,0.718670678369,0.732343261398,0.708317698925,0.727372659505,0.00197282365476,5.65992963312e-05,0.0162552112163,0.00392417805395
33,0.0308376948039,0.00127851963043,0.719833447475,0.727177678631,gini,31.0,0.15161290322580645,0.33225806451612905,"{'min_samples_split': 0.33225806451612905, 'criterion': 'gini', 'max_depth': 31.0, 'min_samples_leaf': 0.15161290322580645}",11,0.745047279132,0.720254900267,0.738743355936,0.724347822331,0.699160679124,0.732490388893,0.711796379013,0.729744272079,0.71624042332,0.728798157327,0.70798022804,0.727430530891,0.00128102253494,8.56098395656e-05,0.016528087088,0.00394620333747
1,0.0338052113851,0.00124196211497,0.719651912256,0.725219354864,entropy,6.0,0.15161290322580645,0.39032258064516134,"{'min_samples_split': 0.39032258064516134, 'criterion': 'entropy', 'max_depth': 6.0, 'min_samples_leaf': 0.15161290322580645}",12,0.745047279132,0.720254900267,0.737772835635,0.720410191845,0.702611478657,0.728518480448,0.708227087121,0.725903868409,0.71624042332,0.728798157327,0.70798022804,0.727430530891,0.000523545461233,5.55045103295e-05,0.0160335951957,0.0035782624576
69,0.0303194920222,0.00118748346965,0.719419885833,0.727189780524,gini,23.0,0.16451612903225807,0.24516129032258066,"{'min_samples_split': 0.24516129032258066, 'criterion': 'gini', 'max_depth': 23.0, 'min_samples_leaf': 0.16451612903225807}",13,0.743333989988,0.719469380475,0.736505477584,0.723652897186,0.700044144212,0.73204345837,0.712991176966,0.729306371628,0.716310124707,0.728559754144,0.70730412458,0.730106821339,0.000787979011697,7.25372173956e-05,0.0154776516136,0.00429220654281
52,0.0284358263016,0.00115223725637,0.719195179905,0.72470767627,gini,7.0,0.17741935483870969,0.21612903225806451,"{'min_samples_split': 0.21612903225806451, 'criterion': 'gini', 'max_depth': 7.0, 'min_samples_leaf': 0.17741935483870969}",14,0.745816144433,0.71939078669,0.736522870421,0.720106630893,0.697175351266,0.728248367553,0.711962500653,0.72535456612,0.716310124707,0.728559754144,0.707351173016,0.726585952217,0.000318249473511,5.08475560709e-05,0.0168083261054,0.00366879451329
193,0.0333465337753,0.00132517019908,0.718722675966,0.72480686391,entropy,16.0,0.17741935483870969,0.12903225806451613,"{'min_samples_split': 0.12903225806451613, 'criterion': 'entropy', 'max_depth': 16.0, 'min_samples_leaf': 0.17741935483870969}",15,0.745816144433,0.71939078669,0.736522870421,0.720106630893,0.694339666479,0.728843493394,0.711962500653,0.72535456612,0.716310124707,0.728559754144,0.707351173016,0.726585952217,0.000486572654909,7.65352625742e-05,0.0174483623949,0.00376983152763
192,0.0313311815262,0.0013134876887,0.717530134428,0.722390453596,entropy,23.0,0.20322580645161292,0.10000000000000001,"{'min_samples_split': 0.10000000000000001, 'criterion': 'entropy', 'max_depth': 23.0, 'min_samples_leaf': 0.20322580645161292}",16,0.744729767313,0.718712450798,0.730924695973,0.714121519871,0.701288894826,0.727357709977,0.705518026521,0.719211029854,0.716310124707,0.728559754144,0.706377676969,0.726380256929,0.00181966479383,4.96278102209e-05,0.0155649363346,0.00533329386533
79,0.0267311731974,0.00117647647858,0.716389524243,0.721397215332,gini,10.0,0.20322580645161292,0.18709677419354839,"{'min_samples_split': 0.18709677419354839, 'criterion': 'gini', 'max_depth': 10.0, 'min_samples_leaf': 0.20322580645161292}",17,0.744729767313,0.718712450798,0.730924695973,0.714121519871,0.694443637715,0.721398280396,0.705518026521,0.719211029854,0.716310124707,0.728559754144,0.706377676969,0.726380256929,0.00162284044397,7.11386533525e-05,0.0169063262741,0.00484863862215
36,0.0255635182063,0.00117703278859,0.71429293771,0.718839320072,gini,9.0,0.21612903225806451,0.33225806451612905,"{'min_samples_split': 0.33225806451612905, 'criterion': 'gini', 'max_depth': 9.0, 'min_samples_leaf': 0.21612903225806451}",18,0.734419903588,0.712163735193,0.730924695973,0.714121519871,0.694443637715,0.721398280396,0.705518026521,0.719211029854,0.717564749685,0.727653822051,0.702860080273,0.718487533069,0.00156646971306,5.71872390682e-05,0.0146874320147,0.0050220632804
185,0.0255643129349,0.00118350982666,0.71429293771,0.718839320072,gini,22.0,0.21612903225806451,0.39032258064516134,"{'min_samples_split': 0.39032258064516134, 'criterion': 'gini', 'max_depth': 22.0, 'min_samples_leaf': 0.21612903225806451}",18,0.734419903588,0.712163735193,0.730924695973,0.714121519871,0.694443637715,0.721398280396,0.705518026521,0.719211029854,0.717564749685,0.727653822051,0.702860080273,0.718487533069,0.00153810222589,3.13354945294e-05,0.0146874320147,0.0050220632804
139,0.0253565311432,0.00117099285126,0.71429293771,0.718839320072,gini,22.0,0.21612903225806451,0.27419354838709675,"{'min_samples_split': 0.27419354838709675, 'criterion': 'gini', 'max_depth': 22.0, 'min_samples_leaf': 0.21612903225806451}",18,0.734419903588,0.712163735193,0.730924695973,0.714121519871,0.694443637715,0.721398280396,0.705518026521,0.719211029854,0.717564749685,0.727653822051,0.702860080273,0.718487533069,0.00157109285289,0.000122278576474,0.0146874320147,0.0050220632804
146,0.0260485013326,0.0012491941452,0.71429293771,0.718839320072,gini,18.0,0.21612903225806451,0.18709677419354839,"{'min_samples_split': 0.18709677419354839, 'criterion': 'gini', 'max_depth': 18.0, 'min_samples_leaf': 0.21612903225806451}",18,0.734419903588,0.712163735193,0.730924695973,0.714121519871,0.694443637715,0.721398280396,0.705518026521,0.719211029854,0.717564749685,0.727653822051,0.702860080273,0.718487533069,0.00155720785457,5.81155984731e-05,0.0146874320147,0.0050220632804
102,0.0257816314697,0.00122106075287,0.71429293771,0.718839320072,gini,32.0,0.21612903225806451,0.10000000000000001,"{'min_samples_split': 0.10000000000000001, 'criterion': 'gini', 'max_depth': 32.0, 'min_samples_leaf': 0.21612903225806451}",18,0.734419903588,0.712163735193,0.730924695973,0.714121519871,0.694443637715,0.721398280396,0.705518026521,0.719211029854,0.717564749685,0.727653822051,0.702860080273,0.718487533069,0.00167136944445,8.1186427446e-05,0.0146874320147,0.0050220632804
7,0.0260025262833,0.00129000345866,0.714083882301,0.718990308754,gini,19.0,0.20322580645161292,0.41935483870967749,"{'min_samples_split': 0.41935483870967749, 'criterion': 'gini', 'max_depth': 19.0, 'min_samples_leaf': 0.20322580645161292}",23,0.734419903588,0.712163735193,0.730924695973,0.714121519871,0.694443637715,0.721398280396,0.705518026521,0.719211029854,0.716310124707,0.728559754144,0.702860080273,0.718487533069,0.00136923856228,0.000185968818134,0.0146482511303,0.00529120851786
134,0.031462152799,0.00128503640493,0.713418098893,0.718953987283,entropy,26.0,0.15161290322580645,0.47741935483870968,"{'min_samples_split': 0.47741935483870968, 'criterion': 'entropy', 'max_depth': 26.0, 'min_samples_leaf': 0.15161290322580645}",24,0.734419903588,0.712163735193,0.730924695973,0.714121519871,0.690517707057,0.720941948384,0.705518026521,0.719211029854,0.71624042332,0.728798157327,0.702860080273,0.718487533069,0.00177984550282,3.51539865273e-05,0.0155673183638,0.00533234764351
32,0.0314472516378,0.00129389762878,0.713317926509,0.718915170354,entropy,32.0,0.13870967741935486,0.47741935483870968,"{'min_samples_split': 0.47741935483870968, 'criterion': 'entropy', 'max_depth': 32.0, 'min_samples_leaf': 0.13870967741935486}",25,0.734419903588,0.712163735193,0.730924695973,0.714121519871,0.690517707057,0.720941948384,0.705518026521,0.719211029854,0.715639248851,0.728565255756,0.702860080273,0.718487533069,0.00197337763456,0.000150014174942,0.0155507604214,0.0052609147753
106,0.0253223180771,0.00114552179972,0.712321429058,0.717045183302,gini,25.0,0.19032258064516128,0.6225806451612903,"{'min_samples_split': 0.6225806451612903, 'criterion': 'gini', 'max_depth': 25.0, 'min_samples_leaf': 0.19032258064516128}",26,0.734419903588,0.712163735193,0.730924695973,0.714121519871,0.694443637715,0.721398280396,0.705518026521,0.719211029854,0.705732939133,0.716889001428,0.702860080273,0.718487533069,0.000619472794627,4.26273187872e-05,0.0149083707514,0.00311237997697
91,0.0253308614095,0.00121064980825,0.712321429058,0.717045183302,gini,7.0,0.17741935483870969,0.56451612903225812,"{'min_samples_split': 0.56451612903225812, 'criterion': 'gini', 'max_depth': 7.0, 'min_samples_leaf': 0.17741935483870969}",26,0.734419903588,0.712163735193,0.730924695973,0.714121519871,0.694443637715,0.721398280396,0.705518026521,0.719211029854,0.705732939133,0.716889001428,0.702860080273,0.718487533069,0.000199525141482,2.52518993324e-05,0.0149083707514,0.00311237997697
115,0.0248666206996,0.00120687484741,0.712321429058,0.717045183302,gini,15.0,0.20322580645161292,0.59354838709677427,"{'min_samples_split': 0.59354838709677427, 'criterion': 'gini', 'max_depth': 15.0, 'min_samples_leaf': 0.20322580645161292}",26,0.734419903588,0.712163735193,0.730924695973,0.714121519871,0.694443637715,0.721398280396,0.705518026521,0.719211029854,0.705732939133,0.716889001428,0.702860080273,0.718487533069,3.4072291357e-05,6.91659105595e-05,0.0149083707514,0.00311237997697
84,0.0254274606705,0.00118033091227,0.712321429058,0.717045183302,gini,32.0,0.17741935483870969,0.56451612903225812,"{'min_samples_split': 0.56451612903225812, 'criterion': 'gini', 'max_depth': 32.0, 'min_samples_leaf': 0.17741935483870969}",26,0.734419903588,0.712163735193,0.730924695973,0.714121519871,0.694443637715,0.721398280396,0.705518026521,0.719211029854,0.705732939133,0.716889001428,0.702860080273,0.718487533069,0.000794854739232,0.000111642849878,0.0149083707514,0.00311237997697
117,0.0253510077794,0.00115497907003,0.712321429058,0.717045183302,gini,5.0,0.24193548387096775,0.73870967741935489,"{'min_samples_split': 0.73870967741935489, 'criterion': 'gini', 'max_depth': 5.0, 'min_samples_leaf': 0.24193548387096775}",26,0.734419903588,0.712163735193,0.730924695973,0.714121519871,0.694443637715,0.721398280396,0.705518026521,0.719211029854,0.705732939133,0.716889001428,0.702860080273,0.718487533069,0.00131560361695,8.38002774073e-05,0.0149083707514,0.00311237997697
121,0.0253462394079,0.00112823645274,0.712321429058,0.717045183302,gini,16.0,0.12580645161290324,0.50645161290322582,"{'min_samples_split': 0.50645161290322582, 'criterion': 'gini', 'max_depth': 16.0, 'min_samples_leaf': 0.12580645161290324}",26,0.734419903588,0.712163735193,0.730924695973,0.714121519871,0.694443637715,0.721398280396,0.705518026521,0.719211029854,0.705732939133,0.716889001428,0.702860080273,0.718487533069,0.000191138278822,6.24701290665e-05,0.0149083707514,0.00311237997697
122,0.0265196959178,0.00130085150401,0.712321429058,0.717045183302,gini,2.0,0.12580645161290324,0.59354838709677427,"{'min_samples_split': 0.59354838709677427, 'criterion': 'gini', 'max_depth': 2.0, 'min_samples_leaf': 0.12580645161290324}",26,0.734419903588,0.712163735193,0.730924695973,0.714121519871,0.694443637715,0.721398280396,0.705518026521,0.719211029854,0.705732939133,0.716889001428,0.702860080273,0.718487533069,0.000834899819346,0.000134006471709,0.0149083707514,0.00311237997697
83,0.0239174763362,0.0010693470637,0.712321429058,0.717045183302,gini,27.0,0.25483870967741939,0.27419354838709675,"{'min_samples_split': 0.27419354838709675, 'criterion': 'gini', 'max_depth': 27.0, 'min_samples_leaf': 0.25483870967741939}",26,0.734419903588,0.712163735193,0.730924695973,0.714121519871,0.694443637715,0.721398280396,0.705518026521,0.719211029854,0.705732939133,0.716889001428,0.702860080273,0.718487533069,0.000133542530233,1.25680868921e-05,0.0149083707514,0.00311237997697
82,0.0246823628743,0.00109962622325,0.712321429058,0.717045183302,gini,6.0,0.21612903225806451,0.73870967741935489,"{'min_samples_split': 0.73870967741935489, 'criterion': 'gini', 'max_depth': 6.0, 'min_samples_leaf': 0.21612903225806451}",26,0.734419903588,0.712163735193,0.730924695973,0.714121519871,0.694443637715,0.721398280396,0.705518026521,0.719211029854,0.705732939133,0.716889001428,0.702860080273,0.718487533069,0.000266304611713,3.723540955e-05,0.0149083707514,0.00311237997697
56,0.0253808498383,0.0011168718338,0.712321429058,0.717045183302,gini,28.0,0.17741935483870969,0.56451612903225812,"{'min_samples_split': 0.56451612903225812, 'criterion': 'gini', 'max_depth': 28.0, 'min_samples_leaf': 0.17741935483870969}",26,0.734419903588,0.712163735193,0.730924695973,0.714121519871,0.694443637715,0.721398280396,0.705518026521,0.719211029854,0.705732939133,0.716889001428,0.702860080273,0.718487533069,0.00100360149777,0.000103011611294,0.0149083707514,0.00311237997697
105,0.0250420967738,0.00115712483724,0.712321429058,0.717045183302,gini,29.0,0.19032258064516128,0.59354838709677427,"{'min_samples_split': 0.59354838709677427, 'criterion': 'gini', 'max_depth': 29.0, 'min_samples_leaf': 0.19032258064516128}",26,0.734419903588,0.712163735193,0.730924695973,0.714121519871,0.694443637715,0.721398280396,0.705518026521,0.719211029854,0.705732939133,0.716889001428,0.702860080273,0.718487533069,0.000193463977842,5.41437108939e-05,0.0149083707514,0.00311237997697
11,0.0242853562037,0.0011058251063,0.712321429058,0.717045183302,gini,19.0,0.24193548387096775,0.53548387096774197,"{'min_samples_split': 0.53548387096774197, 'criterion': 'gini', 'max_depth': 19.0, 'min_samples_leaf': 0.24193548387096775}",26,0.734419903588,0.712163735193,0.730924695973,0.714121519871,0.694443637715,0.721398280396,0.705518026521,0.719211029854,0.705732939133,0.716889001428,0.702860080273,0.718487533069,0.000181091711139,2.95278038671e-05,0.0149083707514,0.00311237997697
183,0.0263314644496,0.00119133790334,0.712321429058,0.717045183302,gini,3.0,0.12580645161290324,0.56451612903225812,"{'min_samples_split': 0.56451612903225812, 'criterion': 'gini', 'max_depth': 3.0, 'min_samples_leaf': 0.12580645161290324}",26,0.734419903588,0.712163735193,0.730924695973,0.714121519871,0.694443637715,0.721398280396,0.705518026521,0.719211029854,0.705732939133,0.716889001428,0.702860080273,0.718487533069,0.000889466722619,6.84188514178e-05,0.0149083707514,0.00311237997697
169,0.0247546434402,0.00116125742594,0.712321429058,0.717045183302,gini,24.0,0.24193548387096775,0.6806451612903226,"{'min_samples_split': 0.6806451612903226, 'criterion': 'gini', 'max_depth': 24.0, 'min_samples_leaf': 0.24193548387096775}",26,0.734419903588,0.712163735193,0.730924695973,0.714121519871,0.694443637715,0.721398280396,0.705518026521,0.719211029854,0.705732939133,0.716889001428,0.702860080273,0.718487533069,0.000709594638677,5.85453422771e-05,0.0149083707514,0.00311237997697
18,0.0257879892985,0.0012378692627,0.712321429058,0.717045183302,gini,4.0,0.11290322580645162,0.50645161290322582,"{'min_samples_split': 0.50645161290322582, 'criterion': 'gini', 'max_depth': 4.0, 'min_samples_leaf': 0.11290322580645162}",26,0.734419903588,0.712163735193,0.730924695973,0.714121519871,0.694443637715,0.721398280396,0.705518026521,0.719211029854,0.705732939133,0.716889001428,0.702860080273,0.718487533069,0.000208448736354,5.28562034749e-05,0.0149083707514,0.00311237997697
29,0.0244572957357,0.00117381413778,0.712321429058,0.717045183302,gini,6.0,0.25483870967741939,0.10000000000000001,"{'min_samples_split': 0.10000000000000001, 'criterion': 'gini', 'max_depth': 6.0, 'min_samples_leaf': 0.25483870967741939}",26,0.734419903588,0.712163735193,0.730924695973,0.714121519871,0.694443637715,0.721398280396,0.705518026521,0.719211029854,0.705732939133,0.716889001428,0.702860080273,0.718487533069,0.000331440949208,6.91312018744e-05,0.0149083707514,0.00311237997697
140,0.0252291361491,0.00125737984975,0.712321429058,0.717045183302,gini,14.0,0.20322580645161292,0.70967741935483875,"{'min_samples_split': 0.70967741935483875, 'criterion': 'gini', 'max_depth': 14.0, 'min_samples_leaf': 0.20322580645161292}",26,0.734419903588,0.712163735193,0.730924695973,0.714121519871,0.694443637715,0.721398280396,0.705518026521,0.719211029854,0.705732939133,0.716889001428,0.702860080273,0.718487533069,0.000735707296431,8.7338729356e-05,0.0149083707514,0.00311237997697
147,0.0254066785177,0.00124331315358,0.712321429058,0.717045183302,gini,21.0,0.17741935483870969,0.73870967741935489,"{'min_samples_split': 0.73870967741935489, 'criterion': 'gini', 'max_depth': 21.0, 'min_samples_leaf': 0.17741935483870969}",26,0.734419903588,0.712163735193,0.730924695973,0.714121519871,0.694443637715,0.721398280396,0.705518026521,0.719211029854,0.705732939133,0.716889001428,0.702860080273,0.718487533069,0.000231203855219,5.30007266023e-05,0.0149083707514,0.00311237997697
148,0.0253205299377,0.00120814641317,0.712321429058,0.717045183302,gini,17.0,0.16451612903225807,0.53548387096774197,"{'min_samples_split': 0.53548387096774197, 'criterion': 'gini', 'max_depth': 17.0, 'min_samples_leaf': 0.16451612903225807}",26,0.734419903588,0.712163735193,0.730924695973,0.714121519871,0.694443637715,0.721398280396,0.705518026521,0.719211029854,0.705732939133,0.716889001428,0.702860080273,0.718487533069,0.000629091641116,0.000142503303068,0.0149083707514,0.00311237997697
24,0.0258751710256,0.00124529997508,0.712321429058,0.717045183302,gini,15.0,0.11290322580645162,0.59354838709677427,"{'min_samples_split': 0.59354838709677427, 'criterion': 'gini', 'max_depth': 15.0, 'min_samples_leaf': 0.11290322580645162}",26,0.734419903588,0.712163735193,0.730924695973,0.714121519871,0.694443637715,0.721398280396,0.705518026521,0.719211029854,0.705732939133,0.716889001428,0.702860080273,0.718487533069,0.000130267314409,3.34532835107e-05,0.0149083707514,0.00311237997697
129,0.0296156803767,0.00127100944519,0.71166725984,0.716969127966,entropy,26.0,0.19032258064516128,0.59354838709677427,"{'min_samples_split': 0.59354838709677427, 'criterion': 'entropy', 'max_depth': 26.0, 'min_samples_leaf': 0.19032258064516128}",46,0.734419903588,0.712163735193,0.730924695973,0.714121519871,0.690517707057,0.720941948384,0.705518026521,0.719211029854,0.705732939133,0.716889001428,0.702860080273,0.718487533069,0.000610103289962,5.03518740488e-05,0.0157413470091,0.00300893314534
194,0.0303686857224,0.00128944714864,0.71166725984,0.716969127966,entropy,21.0,0.13870967741935486,0.70967741935483875,"{'min_samples_split': 0.70967741935483875, 'criterion': 'entropy', 'max_depth': 21.0, 'min_samples_leaf': 0.13870967741935486}",46,0.734419903588,0.712163735193,0.730924695973,0.714121519871,0.690517707057,0.720941948384,0.705518026521,0.719211029854,0.705732939133,0.716889001428,0.702860080273,0.718487533069,0.000499490939521,4.54045355829e-05,0.0157413470091,0.00300893314534
162,0.0276792049408,0.00116312503815,0.71166725984,0.716969127966,entropy,29.0,0.24193548387096775,0.59354838709677427,"{'min_samples_split': 0.59354838709677427, 'criterion': 'entropy', 'max_depth': 29.0, 'min_samples_leaf': 0.24193548387096775}",46,0.734419903588,0.712163735193,0.730924695973,0.714121519871,0.690517707057,0.720941948384,0.705518026521,0.719211029854,0.705732939133,0.716889001428,0.702860080273,0.718487533069,0.000143690996232,1.95215903783e-05,0.0157413470091,0.00300893314534
155,0.028565009435,0.0014880100886,0.71166725984,0.716969127966,entropy,20.0,0.22903225806451613,0.50645161290322582,"{'min_samples_split': 0.50645161290322582, 'criterion': 'entropy', 'max_depth': 20.0, 'min_samples_leaf': 0.22903225806451613}",46,0.734419903588,0.712163735193,0.730924695973,0.714121519871,0.690517707057,0.720941948384,0.705518026521,0.719211029854,0.705732939133,0.716889001428,0.702860080273,0.718487533069,0.000470484390425,0.000519086844902,0.0157413470091,0.00300893314534
132,0.0293188492457,0.00129600365957,0.71166725984,0.716969127966,entropy,12.0,0.22903225806451613,0.53548387096774197,"{'min_samples_split': 0.53548387096774197, 'criterion': 'entropy', 'max_depth': 12.0, 'min_samples_leaf': 0.22903225806451613}",46,0.734419903588,0.712163735193,0.730924695973,0.714121519871,0.690517707057,0.720941948384,0.705518026521,0.719211029854,0.705732939133,0.716889001428,0.702860080273,0.718487533069,0.000648217856576,0.000134946138515,0.0157413470091,0.00300893314534
104,0.0276534954707,0.00121283531189,0.71166725984,0.716969127966,entropy,24.0,0.25483870967741939,0.6225806451612903,"{'min_samples_split': 0.6225806451612903, 'criterion': 'entropy', 'max_depth': 24.0, 'min_samples_leaf': 0.25483870967741939}",46,0.734419903588,0.712163735193,0.730924695973,0.714121519871,0.690517707057,0.720941948384,0.705518026521,0.719211029854,0.705732939133,0.716889001428,0.702860080273,0.718487533069,0.000326953288642,3.88512566647e-05,0.0157413470091,0.00300893314534
99,0.0300395488739,0.00119129816691,0.71166725984,0.716969127966,entropy,2.0,0.12580645161290324,0.73870967741935489,"{'min_samples_split': 0.73870967741935489, 'criterion': 'entropy', 'max_depth': 2.0, 'min_samples_leaf': 0.12580645161290324}",46,0.734419903588,0.712163735193,0.730924695973,0.714121519871,0.690517707057,0.720941948384,0.705518026521,0.719211029854,0.705732939133,0.716889001428,0.702860080273,0.718487533069,0.000373278125375,0.000118299322571,0.0157413470091,0.00300893314534
110,0.027675151825,0.0012241601944,0.71166725984,0.716969127966,entropy,20.0,0.25483870967741939,0.65161290322580645,"{'min_samples_split': 0.65161290322580645, 'criterion': 'entropy', 'max_depth': 20.0, 'min_samples_leaf': 0.25483870967741939}",46,0.734419903588,0.712163735193,0.730924695973,0.714121519871,0.690517707057,0.720941948384,0.705518026521,0.719211029854,0.705732939133,0.716889001428,0.702860080273,0.718487533069,0.000439712402017,5.46952434738e-05,0.0157413470091,0.00300893314534
45,0.0288800001144,0.00124311447144,0.71166725984,0.716969127966,entropy,23.0,0.20322580645161292,0.70967741935483875,"{'min_samples_split': 0.70967741935483875, 'criterion': 'entropy', 'max_depth': 23.0, 'min_samples_leaf': 0.20322580645161292}",46,0.734419903588,0.712163735193,0.730924695973,0.714121519871,0.690517707057,0.720941948384,0.705518026521,0.719211029854,0.705732939133,0.716889001428,0.702860080273,0.718487533069,0.000186974934964,1.97987933083e-05,0.0157413470091,0.00300893314534
30,0.0310196479162,0.00125749905904,0.71166725984,0.716969127966,entropy,14.0,0.11290322580645162,0.70967741935483875,"{'min_samples_split': 0.70967741935483875, 'criterion': 'entropy', 'max_depth': 14.0, 'min_samples_leaf': 0.11290322580645162}",46,0.734419903588,0.712163735193,0.730924695973,0.714121519871,0.690517707057,0.720941948384,0.705518026521,0.719211029854,0.705732939133,0.716889001428,0.702860080273,0.718487533069,0.000868632064297,7.06599984412e-05,0.0157413470091,0.00300893314534
66,0.0273969570796,0.00111099084218,0.71166725984,0.716969127966,entropy,21.0,0.24193548387096775,0.6225806451612903,"{'min_samples_split': 0.6225806451612903, 'criterion': 'entropy', 'max_depth': 21.0, 'min_samples_leaf': 0.24193548387096775}",46,0.734419903588,0.712163735193,0.730924695973,0.714121519871,0.690517707057,0.720941948384,0.705518026521,0.719211029854,0.705732939133,0.716889001428,0.702860080273,0.718487533069,0.000210040337043,1.13287857646e-05,0.0157413470091,0.00300893314534
190,0.0288648207982,0.00126405556997,0.71166725984,0.716969127966,entropy,11.0,0.20322580645161292,0.53548387096774197,"{'min_samples_split': 0.53548387096774197, 'criterion': 'entropy', 'max_depth': 11.0, 'min_samples_leaf': 0.20322580645161292}",46,0.734419903588,0.712163735193,0.730924695973,0.714121519871,0.690517707057,0.720941948384,0.705518026521,0.719211029854,0.705732939133,0.716889001428,0.702860080273,0.718487533069,0.000236379142725,5.43384163959e-05,0.0157413470091,0.00300893314534
48,0.0320268472036,0.0011553366979,0.699140270207,0.699179452977,entropy,19.0,0.10000000000000001,0.79677419354838708,"{'min_samples_split': 0.79677419354838708, 'criterion': 'entropy', 'max_depth': 19.0, 'min_samples_leaf': 0.10000000000000001}",58,0.718466672847,0.695266419923,0.714793419478,0.69605771578,0.678293245355,0.703339483068,0.699710739241,0.699095488576,0.684638395009,0.702090663593,0.698913820043,0.699226946923,0.000191035513885,4.94420997472e-05,0.014514236687,0.00291111015789
173,0.0272810856501,0.00118903319041,0.699140270207,0.699179452977,gini,5.0,0.10000000000000001,0.88387096774193552,"{'min_samples_split': 0.88387096774193552, 'criterion': 'gini', 'max_depth': 5.0, 'min_samples_leaf': 0.10000000000000001}",58,0.718466672847,0.695266419923,0.714793419478,0.69605771578,0.678293245355,0.703339483068,0.699710739241,0.699095488576,0.684638395009,0.702090663593,0.698913820043,0.699226946923,0.000825827885518,8.96854742886e-05,0.014514236687,0.00291111015789
101,0.0207084417343,0.00111087163289,0.683639084303,0.683642012089,entropy,20.0,0.17741935483870969,0.76774193548387093,"{'min_samples_split': 0.76774193548387093, 'criterion': 'entropy', 'max_depth': 20.0, 'min_samples_leaf': 0.17741935483870969}",60,0.701585241494,0.680049836449,0.700918573695,0.680183814145,0.665017454389,0.687365146671,0.681218380256,0.684127459673,0.669984839948,0.686371560204,0.683085215755,0.683754255392,0.000319610302312,5.45726303254e-05,0.0139055415268,0.00278158470411
198,0.0203559796015,0.00126826763153,0.683639084303,0.683642012089,entropy,1.0,0.20322580645161292,0.59354838709677427,"{'min_samples_split': 0.59354838709677427, 'criterion': 'entropy', 'max_depth': 1.0, 'min_samples_leaf': 0.20322580645161292}",60,0.701585241494,0.680049836449,0.700918573695,0.680183814145,0.665017454389,0.687365146671,0.681218380256,0.684127459673,0.669984839948,0.686371560204,0.683085215755,0.683754255392,0.00053060079181,0.000347728811496,0.0139055415268,0.00278158470411
163,0.0184393326441,0.00102269649506,0.683639084303,0.683642012089,gini,15.0,0.11290322580645162,0.76774193548387093,"{'min_samples_split': 0.76774193548387093, 'criterion': 'gini', 'max_depth': 15.0, 'min_samples_leaf': 0.11290322580645162}",60,0.701585241494,0.680049836449,0.700918573695,0.680183814145,0.665017454389,0.687365146671,0.681218380256,0.684127459673,0.669984839948,0.686371560204,0.683085215755,0.683754255392,0.000277775497049,5.88825916249e-05,0.0139055415268,0.00278158470411
189,0.0176277955373,0.000988006591797,0.683639084303,0.683642012089,gini,19.0,0.16451612903225807,0.88387096774193552,"{'min_samples_split': 0.88387096774193552, 'criterion': 'gini', 'max_depth': 19.0, 'min_samples_leaf': 0.16451612903225807}",60,0.701585241494,0.680049836449,0.700918573695,0.680183814145,0.665017454389,0.687365146671,0.681218380256,0.684127459673,0.669984839948,0.686371560204,0.683085215755,0.683754255392,6.40433409479e-05,1.97167984619e-05,0.0139055415268,0.00278158470411
170,0.0202529827754,0.0011111497879,0.683639084303,0.683642012089,entropy,27.0,0.20322580645161292,0.85483870967741937,"{'min_samples_split': 0.85483870967741937, 'criterion': 'entropy', 'max_depth': 27.0, 'min_samples_leaf': 0.20322580645161292}",60,0.701585241494,0.680049836449,0.700918573695,0.680183814145,0.665017454389,0.687365146671,0.681218380256,0.684127459673,0.669984839948,0.686371560204,0.683085215755,0.683754255392,0.000135317643808,2.80375079185e-05,0.0139055415268,0.00278158470411
181,0.0210478305817,0.00125396251678,0.683639084303,0.683642012089,entropy,24.0,0.17741935483870969,0.97096774193548385,"{'min_samples_split': 0.97096774193548385, 'criterion': 'entropy', 'max_depth': 24.0, 'min_samples_leaf': 0.17741935483870969}",60,0.701585241494,0.680049836449,0.700918573695,0.680183814145,0.665017454389,0.687365146671,0.681218380256,0.684127459673,0.669984839948,0.686371560204,0.683085215755,0.683754255392,0.000375088779227,0.000267460017568,0.0139055415268,0.00278158470411
71,0.0202716588974,0.00103282928467,0.683639084303,0.683642012089,entropy,1.0,0.15161290322580645,0.39032258064516134,"{'min_samples_split': 0.39032258064516134, 'criterion': 'entropy', 'max_depth': 1.0, 'min_samples_leaf': 0.15161290322580645}",60,0.701585241494,0.680049836449,0.700918573695,0.680183814145,0.665017454389,0.687365146671,0.681218380256,0.684127459673,0.669984839948,0.686371560204,0.683085215755,0.683754255392,9.45059038849e-05,2.70399324888e-05,0.0139055415268,0.00278158470411
152,0.0184145371119,0.0010818640391,0.683639084303,0.683642012089,gini,5.0,0.19032258064516128,0.82580645161290323,"{'min_samples_split': 0.82580645161290323, 'criterion': 'gini', 'max_depth': 5.0, 'min_samples_leaf': 0.19032258064516128}",60,0.701585241494,0.680049836449,0.700918573695,0.680183814145,0.665017454389,0.687365146671,0.681218380256,0.684127459673,0.669984839948,0.686371560204,0.683085215755,0.683754255392,0.000521390369504,6.71918472098e-05,0.0139055415268,0.00278158470411
153,0.0179288387299,0.0010601679484,0.683639084303,0.683642012089,gini,1.0,0.25483870967741939,0.88387096774193552,"{'min_samples_split': 0.88387096774193552, 'criterion': 'gini', 'max_depth': 1.0, 'min_samples_leaf': 0.25483870967741939}",60,0.701585241494,0.680049836449,0.700918573695,0.680183814145,0.665017454389,0.687365146671,0.681218380256,0.684127459673,0.669984839948,0.686371560204,0.683085215755,0.683754255392,0.000402599992663,3.86004187419e-05,0.0139055415268,0.00278158470411
199,0.0208055178324,0.00115724404653,0.683639084303,0.683642012089,entropy,23.0,0.17741935483870969,0.91290322580645167,"{'min_samples_split': 0.91290322580645167, 'criterion': 'entropy', 'max_depth': 23.0, 'min_samples_leaf': 0.17741935483870969}",60,0.701585241494,0.680049836449,0.700918573695,0.680183814145,0.665017454389,0.687365146671,0.681218380256,0.684127459673,0.669984839948,0.686371560204,0.683085215755,0.683754255392,0.000381444335795,9.85903747323e-05,0.0139055415268,0.00278158470411
44,0.0197721322378,0.00116320451101,0.683639084303,0.683642012089,entropy,6.0,0.25483870967741939,1.0,"{'min_samples_split': 1.0, 'criterion': 'entropy', 'max_depth': 6.0, 'min_samples_leaf': 0.25483870967741939}",60,0.701585241494,0.680049836449,0.700918573695,0.680183814145,0.665017454389,0.687365146671,0.681218380256,0.684127459673,0.669984839948,0.686371560204,0.683085215755,0.683754255392,2.99708581243e-05,4.9687525705e-05,0.0139055415268,0.00278158470411
21,0.0210776726405,0.0010937054952,0.683639084303,0.683642012089,entropy,1.0,0.11290322580645162,0.15806451612903227,"{'min_samples_split': 0.15806451612903227, 'criterion': 'entropy', 'max_depth': 1.0, 'min_samples_leaf': 0.11290322580645162}",60,0.701585241494,0.680049836449,0.700918573695,0.680183814145,0.665017454389,0.687365146671,0.681218380256,0.684127459673,0.669984839948,0.686371560204,0.683085215755,0.683754255392,0.000205334113119,3.20039880096e-05,0.0139055415268,0.00278158470411
16,0.0184235175451,0.00104534626007,0.683639084303,0.683642012089,gini,3.0,0.11290322580645162,0.82580645161290323,"{'min_samples_split': 0.82580645161290323, 'criterion': 'gini', 'max_depth': 3.0, 'min_samples_leaf': 0.11290322580645162}",60,0.701585241494,0.680049836449,0.700918573695,0.680183814145,0.665017454389,0.687365146671,0.681218380256,0.684127459673,0.669984839948,0.686371560204,0.683085215755,0.683754255392,0.000126137655788,2.19058760398e-05,0.0139055415268,0.00278158470411
59,0.0186509688695,0.0010302066803,0.683639084303,0.683642012089,gini,20.0,0.15161290322580645,0.82580645161290323,"{'min_samples_split': 0.82580645161290323, 'criterion': 'gini', 'max_depth': 20.0, 'min_samples_leaf': 0.15161290322580645}",60,0.701585241494,0.680049836449,0.700918573695,0.680183814145,0.665017454389,0.687365146671,0.681218380256,0.684127459673,0.669984839948,0.686371560204,0.683085215755,0.683754255392,0.00109300278253,5.39367257634e-05,0.0139055415268,0.00278158470411
60,0.0195772250493,0.00108460585276,0.683639084303,0.683642012089,entropy,1.0,0.25483870967741939,0.70967741935483875,"{'min_samples_split': 0.70967741935483875, 'criterion': 'entropy', 'max_depth': 1.0, 'min_samples_leaf': 0.25483870967741939}",60,0.701585241494,0.680049836449,0.700918573695,0.680183814145,0.665017454389,0.687365146671,0.681218380256,0.684127459673,0.669984839948,0.686371560204,0.683085215755,0.683754255392,0.000175917555145,3.65663471127e-05,0.0139055415268,0.00278158470411
10,0.0204535325368,0.00106950600942,0.683639084303,0.683642012089,entropy,21.0,0.15161290322580645,0.82580645161290323,"{'min_samples_split': 0.82580645161290323, 'criterion': 'entropy', 'max_depth': 21.0, 'min_samples_leaf': 0.15161290322580645}",60,0.701585241494,0.680049836449,0.700918573695,0.680183814145,0.665017454389,0.687365146671,0.681218380256,0.684127459673,0.669984839948,0.686371560204,0.683085215755,0.683754255392,8.65051764925e-05,2.17054405723e-05,0.0139055415268,0.00278158470411
57,0.0197978019714,0.00114770730337,0.683639084303,0.683642012089,entropy,28.0,0.25483870967741939,0.97096774193548385,"{'min_samples_split': 0.97096774193548385, 'criterion': 'entropy', 'max_depth': 28.0, 'min_samples_leaf': 0.25483870967741939}",60,0.701585241494,0.680049836449,0.700918573695,0.680183814145,0.665017454389,0.687365146671,0.681218380256,0.684127459673,0.669984839948,0.686371560204,0.683085215755,0.683754255392,0.00045093353702,0.00013899908239,0.0139055415268,0.00278158470411
8,0.0181976159414,0.00109020868937,0.683639084303,0.683642012089,gini,19.0,0.20322580645161292,1.0,"{'min_samples_split': 1.0, 'criterion': 'gini', 'max_depth': 19.0, 'min_samples_leaf': 0.20322580645161292}",60,0.701585241494,0.680049836449,0.700918573695,0.680183814145,0.665017454389,0.687365146671,0.681218380256,0.684127459673,0.669984839948,0.686371560204,0.683085215755,0.683754255392,9.29788305859e-05,5.34456015518e-05,0.0139055415268,0.00278158470411
53,0.019549369812,0.00102686882019,0.683639084303,0.683642012089,entropy,10.0,0.24193548387096775,0.79677419354838708,"{'min_samples_split': 0.79677419354838708, 'criterion': 'entropy', 'max_depth': 10.0, 'min_samples_leaf': 0.24193548387096775}",60,0.701585241494,0.680049836449,0.700918573695,0.680183814145,0.665017454389,0.687365146671,0.681218380256,0.684127459673,0.669984839948,0.686371560204,0.683085215755,0.683754255392,0.000370132513399,1.36010085207e-05,0.0139055415268,0.00278158470411
64,0.0181014537811,0.000996073087056,0.683639084303,0.683642012089,gini,27.0,0.19032258064516128,1.0,"{'min_samples_split': 1.0, 'criterion': 'gini', 'max_depth': 27.0, 'min_samples_leaf': 0.19032258064516128}",60,0.701585241494,0.680049836449,0.700918573695,0.680183814145,0.665017454389,0.687365146671,0.681218380256,0.684127459673,0.669984839948,0.686371560204,0.683085215755,0.683754255392,0.000490227057968,3.17832076967e-05,0.0139055415268,0.00278158470411
19,0.0226124922434,0.00112799803416,0.600741294432,0.601209672241,gini,17.0,0.29354838709677422,0.27419354838709675,"{'min_samples_split': 0.27419354838709675, 'criterion': 'gini', 'max_depth': 17.0, 'min_samples_leaf': 0.29354838709677422}",80,0.607330583109,0.599906449242,0.624567498122,0.596484730735,0.59241474649,0.603107310403,0.596581727781,0.601731071739,0.605854916562,0.600204339616,0.577681034833,0.605824131713,9.04520903437e-05,2.32126401407e-05,0.0144664972386,0.00289252716359
171,0.0229854186376,0.00117437044779,0.600741294432,0.601209672241,gini,30.0,0.29354838709677422,0.50645161290322582,"{'min_samples_split': 0.50645161290322582, 'criterion': 'gini', 'max_depth': 30.0, 'min_samples_leaf': 0.29354838709677422}",80,0.607330583109,0.599906449242,0.624567498122,0.596484730735,0.59241474649,0.603107310403,0.596581727781,0.601731071739,0.605854916562,0.600204339616,0.577681034833,0.605824131713,0.000338562565038,5.57786820568e-05,0.0144664972386,0.00289252716359
77,0.0229254961014,0.00118982791901,0.600279739995,0.600704472897,gini,17.0,0.30645161290322581,0.33225806451612905,"{'min_samples_split': 0.33225806451612905, 'criterion': 'gini', 'max_depth': 17.0, 'min_samples_leaf': 0.30645161290322581}",82,0.606957448781,0.599385254468,0.621614774171,0.595953499069,0.591318111325,0.602655388966,0.598400933999,0.601231400025,0.605351904881,0.599808873538,0.578019086563,0.605192421314,0.000140234229741,4.1722513374e-05,0.0135700402962,0.00286762371083
93,0.0226228634516,0.00112962722778,0.600279739995,0.600704472897,gini,17.0,0.30645161290322581,0.24516129032258066,"{'min_samples_split': 0.24516129032258066, 'criterion': 'gini', 'max_depth': 17.0, 'min_samples_leaf': 0.30645161290322581}",82,0.606957448781,0.599385254468,0.621614774171,0.595953499069,0.591318111325,0.602655388966,0.598400933999,0.601231400025,0.605351904881,0.599808873538,0.578019086563,0.605192421314,0.000191471070633,4.83162961492e-05,0.0135700402962,0.00286762371083
9,0.0232541561127,0.00119133790334,0.600279739995,0.600704472897,gini,24.0,0.30645161290322581,0.53548387096774197,"{'min_samples_split': 0.53548387096774197, 'criterion': 'gini', 'max_depth': 24.0, 'min_samples_leaf': 0.30645161290322581}",82,0.606957448781,0.599385254468,0.621614774171,0.595953499069,0.591318111325,0.602655388966,0.598400933999,0.601231400025,0.605351904881,0.599808873538,0.578019086563,0.605192421314,0.000831030475984,3.93509646122e-05,0.0135700402962,0.00286762371083
186,0.0229953527451,0.0011313756307,0.599979601829,0.601513605225,gini,20.0,0.28064516129032258,0.3612903225806452,"{'min_samples_split': 0.3612903225806452, 'criterion': 'gini', 'max_depth': 20.0, 'min_samples_leaf': 0.28064516129032258}",85,0.607330583109,0.599906449242,0.623305357921,0.596824541584,0.591950070573,0.603314375289,0.597073122564,0.602028785548,0.605081231159,0.600681331689,0.575119508838,0.606326147996,0.00060759122516,6.41083969113e-05,0.0148048255153,0.00294198626027
126,0.023358742396,0.00123079617818,0.599979601829,0.601513605225,gini,8.0,0.28064516129032258,0.10000000000000001,"{'min_samples_split': 0.10000000000000001, 'criterion': 'gini', 'max_depth': 8.0, 'min_samples_leaf': 0.28064516129032258}",85,0.607330583109,0.599906449242,0.623305357921,0.596824541584,0.591950070573,0.603314375289,0.597073122564,0.602028785548,0.605081231159,0.600681331689,0.575119508838,0.606326147996,0.000258300377415,6.14037267363e-05,0.0148048255153,0.00294198626027
43,0.0230641762416,0.00120015939077,0.599979601829,0.601513605225,gini,32.0,0.28064516129032258,0.21612903225806451,"{'min_samples_split': 0.21612903225806451, 'criterion': 'gini', 'max_depth': 32.0, 'min_samples_leaf': 0.28064516129032258}",85,0.607330583109,0.599906449242,0.623305357921,0.596824541584,0.591950070573,0.603314375289,0.597073122564,0.602028785548,0.605081231159,0.600681331689,0.575119508838,0.606326147996,0.000205841062054,4.28310238496e-05,0.0148048255153,0.00294198626027
142,0.0232634544373,0.0011693239212,0.599879820267,0.601928147238,gini,6.0,0.26774193548387099,0.56451612903225812,"{'min_samples_split': 0.56451612903225812, 'criterion': 'gini', 'max_depth': 6.0, 'min_samples_leaf': 0.26774193548387099}",88,0.604315379624,0.60100697125,0.621257641253,0.597629400751,0.59388312239,0.603211167836,0.600331662436,0.601913878464,0.603818474353,0.601112035939,0.575658532902,0.606695429187,0.000484101610607,5.967402394e-05,0.013632101838,0.00271928749364
39,0.0227423906326,0.00114444891612,0.599879820267,0.601928147238,gini,29.0,0.26774193548387099,0.47741935483870968,"{'min_samples_split': 0.47741935483870968, 'criterion': 'gini', 'max_depth': 29.0, 'min_samples_leaf': 0.26774193548387099}",88,0.604315379624,0.60100697125,0.621257641253,0.597629400751,0.59388312239,0.603211167836,0.600331662436,0.601913878464,0.603818474353,0.601112035939,0.575658532902,0.606695429187,0.000236340275999,0.000105616776928,0.013632101838,0.00271928749364
55,0.0225494305293,0.00114432970683,0.598608875712,0.598780818658,gini,19.0,0.3193548387096774,0.18709677419354839,"{'min_samples_split': 0.18709677419354839, 'criterion': 'gini', 'max_depth': 19.0, 'min_samples_leaf': 0.3193548387096774}",90,0.606068647446,0.597317197453,0.618331586319,0.594710993811,0.589366472471,0.600664757213,0.597926964563,0.598948927492,0.603880624757,0.597761461436,0.57606280095,0.60328157454,0.000500713347527,6.75730111384e-05,0.0133330538402,0.00269502748992
72,0.0220066308975,0.00109136104584,0.598608875712,0.598780818658,gini,7.0,0.3193548387096774,0.39032258064516134,"{'min_samples_split': 0.39032258064516134, 'criterion': 'gini', 'max_depth': 7.0, 'min_samples_leaf': 0.3193548387096774}",90,0.606068647446,0.597317197453,0.618331586319,0.594710993811,0.589366472471,0.600664757213,0.597926964563,0.598948927492,0.603880624757,0.597761461436,0.57606280095,0.60328157454,0.000128100962466,2.43998828766e-05,0.0133330538402,0.00269502748992
107,0.0226193269094,0.00114500522614,0.598608875712,0.598780818658,gini,23.0,0.3193548387096774,0.27419354838709675,"{'min_samples_split': 0.27419354838709675, 'criterion': 'gini', 'max_depth': 23.0, 'min_samples_leaf': 0.3193548387096774}",90,0.606068647446,0.597317197453,0.618331586319,0.594710993811,0.589366472471,0.600664757213,0.597926964563,0.598948927492,0.603880624757,0.597761461436,0.57606280095,0.60328157454,0.000405330112134,6.63116250432e-05,0.0133330538402,0.00269502748992
165,0.0231854518255,0.00116264820099,0.592210481517,0.596837592796,entropy,29.0,0.30645161290322581,0.3612903225806452,"{'min_samples_split': 0.3612903225806452, 'criterion': 'entropy', 'max_depth': 29.0, 'min_samples_leaf': 0.30645161290322581}",93,0.606957448781,0.599385254468,0.573210508984,0.572752218466,0.591318111325,0.602655388966,0.598400933999,0.601231400025,0.605351904881,0.599808873538,0.578019086563,0.605192421314,0.00186109436667,7.8028922875e-05,0.0128570516714,0.010942118927
103,0.0240614016851,0.00119185447693,0.592179800556,0.59725425353,entropy,23.0,0.29354838709677422,0.27419354838709675,"{'min_samples_split': 0.27419354838709675, 'criterion': 'entropy', 'max_depth': 23.0, 'min_samples_leaf': 0.29354838709677422}",94,0.607330583109,0.599906449242,0.573210508984,0.572752218466,0.59241474649,0.603107310403,0.596581727781,0.601731071739,0.605854916562,0.600204339616,0.577681034833,0.605824131713,0.00212239255573,7.32265965355e-05,0.0129497922377,0.011134255404
108,0.0244963566462,0.00114651521047,0.591870097821,0.59778195019,entropy,14.0,0.26774193548387099,0.53548387096774197,"{'min_samples_split': 0.53548387096774197, 'criterion': 'entropy', 'max_depth': 14.0, 'min_samples_leaf': 0.26774193548387099}",95,0.604315379624,0.60100697125,0.573210508984,0.572752218466,0.59388312239,0.603211167836,0.600331662436,0.601913878464,0.603818474353,0.601112035939,0.575658532902,0.606695429187,0.00218376562955,7.11129014895e-05,0.0128086656396,0.0113576482707
73,0.0249638557434,0.00119912624359,0.591870097821,0.59778195019,entropy,13.0,0.26774193548387099,0.50645161290322582,"{'min_samples_split': 0.50645161290322582, 'criterion': 'entropy', 'max_depth': 13.0, 'min_samples_leaf': 0.26774193548387099}",95,0.604315379624,0.60100697125,0.573210508984,0.572752218466,0.59388312239,0.603211167836,0.600331662436,0.601913878464,0.603818474353,0.601112035939,0.575658532902,0.606695429187,0.00264461017258,6.05698556374e-05,0.0128086656396,0.0113576482707
179,0.0247013568878,0.0011795759201,0.591870097821,0.59778195019,entropy,15.0,0.26774193548387099,0.3032258064516129,"{'min_samples_split': 0.3032258064516129, 'criterion': 'entropy', 'max_depth': 15.0, 'min_samples_leaf': 0.26774193548387099}",95,0.604315379624,0.60100697125,0.573210508984,0.572752218466,0.59388312239,0.603211167836,0.600331662436,0.601913878464,0.603818474353,0.601112035939,0.575658532902,0.606695429187,0.00232202364766,6.95249112296e-05,0.0128086656396,0.0113576482707
166,0.0245153506597,0.00122567017873,0.591628513699,0.597501551372,entropy,9.0,0.28064516129032258,0.44838709677419353,"{'min_samples_split': 0.44838709677419353, 'criterion': 'entropy', 'max_depth': 9.0, 'min_samples_leaf': 0.28064516129032258}",98,0.607330583109,0.599906449242,0.573210508984,0.572752218466,0.591950070573,0.603314375289,0.597073122564,0.602028785548,0.605081231159,0.600681331689,0.575119508838,0.606326147996,0.00254326229113,0.000156088403995,0.0133490746593,0.0112589393572
50,0.0242516597112,0.0011633237203,0.591628513699,0.597501551372,entropy,15.0,0.28064516129032258,0.53548387096774197,"{'min_samples_split': 0.53548387096774197, 'criterion': 'entropy', 'max_depth': 15.0, 'min_samples_leaf': 0.28064516129032258}",98,0.607330583109,0.599906449242,0.573210508984,0.572752218466,0.591950070573,0.603314375289,0.597073122564,0.602028785548,0.605081231159,0.600681331689,0.575119508838,0.606326147996,0.00226119660229,8.22399728732e-05,0.0133490746593,0.0112589393572
34,0.0242071946462,0.00121736526489,0.591628513699,0.597501551372,entropy,32.0,0.28064516129032258,0.3032258064516129,"{'min_samples_split': 0.3032258064516129, 'criterion': 'entropy', 'max_depth': 32.0, 'min_samples_leaf': 0.28064516129032258}",98,0.607330583109,0.599906449242,0.573210508984,0.572752218466,0.591950070573,0.603314375289,0.597073122564,0.602028785548,0.605081231159,0.600681331689,0.575119508838,0.606326147996,0.00207849156547,7.07751217677e-05,0.0133490746593,0.0112589393572
177,0.0240870316823,0.00113495190938,0.591628513699,0.597501551372,entropy,29.0,0.28064516129032258,0.50645161290322582,"{'min_samples_split': 0.50645161290322582, 'criterion': 'entropy', 'max_depth': 29.0, 'min_samples_leaf': 0.28064516129032258}",98,0.607330583109,0.599906449242,0.573210508984,0.572752218466,0.591950070573,0.603314375289,0.597073122564,0.602028785548,0.605081231159,0.600681331689,0.575119508838,0.606326147996,0.00184119437169,2.42506844357e-05,0.0133490746593,0.0112589393572
125,0.0230219761531,0.00112998485565,0.591086942792,0.595121022767,entropy,6.0,0.3193548387096774,0.6225806451612903,"{'min_samples_split': 0.6225806451612903, 'criterion': 'entropy', 'max_depth': 6.0, 'min_samples_leaf': 0.3193548387096774}",102,0.606068647446,0.597317197453,0.573210508984,0.572752218466,0.589366472471,0.600664757213,0.597926964563,0.598948927492,0.603880624757,0.597761461436,0.57606280095,0.60328157454,0.00187484485516,5.70423197765e-05,0.0128016699875,0.0101991744512
136,0.0175414880117,0.00109755992889,0.574047215204,0.574049671215,gini,16.0,0.29354838709677422,0.82580645161290323,"{'min_samples_split': 0.82580645161290323, 'criterion': 'gini', 'max_depth': 16.0, 'min_samples_leaf': 0.29354838709677422}",103,0.576068415686,0.573645743626,0.592757738653,0.57030454929,0.568939319134,0.575071397923,0.573925291729,0.57407502583,0.572983742151,0.574262846682,0.5595981715,0.576938463937,0.000215942998635,0.000133262461139,0.00991807860751,0.0019842811974
20,0.0173929532369,0.00106271107992,0.574047215204,0.574049671215,gini,5.0,0.33225806451612905,0.41935483870967749,"{'min_samples_split': 0.41935483870967749, 'criterion': 'gini', 'max_depth': 5.0, 'min_samples_leaf': 0.33225806451612905}",103,0.576068415686,0.573645743626,0.592757738653,0.57030454929,0.568939319134,0.575071397923,0.573925291729,0.57407502583,0.572983742151,0.574262846682,0.5595981715,0.576938463937,0.000155244896868,4.78829090993e-05,0.00991807860751,0.0019842811974
28,0.0173749923706,0.00106116135915,0.574047215204,0.574049671215,gini,32.0,0.34516129032258064,0.85483870967741937,"{'min_samples_split': 0.85483870967741937, 'criterion': 'gini', 'max_depth': 32.0, 'min_samples_leaf': 0.34516129032258064}",103,0.576068415686,0.573645743626,0.592757738653,0.57030454929,0.568939319134,0.575071397923,0.573925291729,0.57407502583,0.572983742151,0.574262846682,0.5595981715,0.576938463937,9.95579577269e-05,5.11481329958e-05,0.00991807860751,0.0019842811974
15,0.0190364917119,0.00118366877238,0.574047215204,0.574049671215,gini,22.0,0.30645161290322581,0.73870967741935489,"{'min_samples_split': 0.73870967741935489, 'criterion': 'gini', 'max_depth': 22.0, 'min_samples_leaf': 0.30645161290322581}",103,0.576068415686,0.573645743626,0.592757738653,0.57030454929,0.568939319134,0.575071397923,0.573925291729,0.57407502583,0.572983742151,0.574262846682,0.5595981715,0.576938463937,0.00174117770859,9.87732873696e-05,0.00991807860751,0.0019842811974
150,0.0179198185603,0.00117341677348,0.574047215204,0.574049671215,gini,17.0,0.33225806451612905,0.53548387096774197,"{'min_samples_split': 0.53548387096774197, 'criterion': 'gini', 'max_depth': 17.0, 'min_samples_leaf': 0.33225806451612905}",103,0.576068415686,0.573645743626,0.592757738653,0.57030454929,0.568939319134,0.575071397923,0.573925291729,0.57407502583,0.572983742151,0.574262846682,0.5595981715,0.576938463937,0.000321225496793,0.000111030013186,0.00991807860751,0.0019842811974
124,0.0178336302439,0.00109604994456,0.574047215204,0.574049671215,gini,23.0,0.30645161290322581,0.79677419354838708,"{'min_samples_split': 0.79677419354838708, 'criterion': 'gini', 'max_depth': 23.0, 'min_samples_leaf': 0.30645161290322581}",103,0.576068415686,0.573645743626,0.592757738653,0.57030454929,0.568939319134,0.575071397923,0.573925291729,0.57407502583,0.572983742151,0.574262846682,0.5595981715,0.576938463937,0.00025254761762,3.25006346399e-05,0.00991807860751,0.0019842811974
197,0.0171946684519,0.00104951858521,0.574047215204,0.574049671215,gini,5.0,0.34516129032258064,0.6225806451612903,"{'min_samples_split': 0.6225806451612903, 'criterion': 'gini', 'max_depth': 5.0, 'min_samples_leaf': 0.34516129032258064}",103,0.576068415686,0.573645743626,0.592757738653,0.57030454929,0.568939319134,0.575071397923,0.573925291729,0.57407502583,0.572983742151,0.574262846682,0.5595981715,0.576938463937,0.000316762887905,6.58608039887e-05,0.00991807860751,0.0019842811974
167,0.0181036392848,0.00108404954274,0.574047215204,0.574049671215,gini,24.0,0.29354838709677422,0.65161290322580645,"{'min_samples_split': 0.65161290322580645, 'criterion': 'gini', 'max_depth': 24.0, 'min_samples_leaf': 0.29354838709677422}",103,0.576068415686,0.573645743626,0.592757738653,0.57030454929,0.568939319134,0.575071397923,0.573925291729,0.57407502583,0.572983742151,0.574262846682,0.5595981715,0.576938463937,0.00069161600437,8.90213190185e-05,0.00991807860751,0.0019842811974
12,0.0177871783574,0.00114715099335,0.574047215204,0.574049671215,gini,29.0,0.28064516129032258,1.0,"{'min_samples_split': 1.0, 'criterion': 'gini', 'max_depth': 29.0, 'min_samples_leaf': 0.28064516129032258}",103,0.576068415686,0.573645743626,0.592757738653,0.57030454929,0.568939319134,0.575071397923,0.573925291729,0.57407502583,0.572983742151,0.574262846682,0.5595981715,0.576938463937,0.000190063497852,0.000107639387526,0.00991807860751,0.0019842811974
0,0.0178129673004,0.00106199582418,0.574047215204,0.574049671215,gini,8.0,0.30645161290322581,0.65161290322580645,"{'min_samples_split': 0.65161290322580645, 'criterion': 'gini', 'max_depth': 8.0, 'min_samples_leaf': 0.30645161290322581}",103,0.576068415686,0.573645743626,0.592757738653,0.57030454929,0.568939319134,0.575071397923,0.573925291729,0.57407502583,0.572983742151,0.574262846682,0.5595981715,0.576938463937,0.000605130667958,9.7298703597e-05,0.00991807860751,0.0019842811974
94,0.0174296696981,0.00104912122091,0.574047215204,0.574049671215,gini,21.0,0.30645161290322581,0.9419354838709677,"{'min_samples_split': 0.9419354838709677, 'criterion': 'gini', 'max_depth': 21.0, 'min_samples_leaf': 0.30645161290322581}",103,0.576068415686,0.573645743626,0.592757738653,0.57030454929,0.568939319134,0.575071397923,0.573925291729,0.57407502583,0.572983742151,0.574262846682,0.5595981715,0.576938463937,0.00017489259111,5.5053816156e-05,0.00991807860751,0.0019842811974
85,0.0174699624379,0.00105086962382,0.574047215204,0.574049671215,gini,6.0,0.28064516129032258,0.79677419354838708,"{'min_samples_split': 0.79677419354838708, 'criterion': 'gini', 'max_depth': 6.0, 'min_samples_leaf': 0.28064516129032258}",103,0.576068415686,0.573645743626,0.592757738653,0.57030454929,0.568939319134,0.575071397923,0.573925291729,0.57407502583,0.572983742151,0.574262846682,0.5595981715,0.576938463937,0.00018315066681,2.28428833863e-05,0.00991807860751,0.0019842811974
87,0.0175641377767,0.00106553236643,0.574047215204,0.574049671215,gini,4.0,0.34516129032258064,0.97096774193548385,"{'min_samples_split': 0.97096774193548385, 'criterion': 'gini', 'max_depth': 4.0, 'min_samples_leaf': 0.34516129032258064}",103,0.576068415686,0.573645743626,0.592757738653,0.57030454929,0.568939319134,0.575071397923,0.573925291729,0.57407502583,0.572983742151,0.574262846682,0.5595981715,0.576938463937,0.000135859940333,5.94772593592e-05,0.00991807860751,0.0019842811974
98,0.0170743465424,0.000999649365743,0.574047215204,0.574049671215,gini,21.0,0.33225806451612905,0.15806451612903227,"{'min_samples_split': 0.15806451612903227, 'criterion': 'gini', 'max_depth': 21.0, 'min_samples_leaf': 0.33225806451612905}",103,0.576068415686,0.573645743626,0.592757738653,0.57030454929,0.568939319134,0.575071397923,0.573925291729,0.57407502583,0.572983742151,0.574262846682,0.5595981715,0.576938463937,9.23202384787e-05,3.38580732335e-05,0.00991807860751,0.0019842811974
51,0.0175916353861,0.00107236703237,0.574047215204,0.574049671215,gini,4.0,0.3193548387096774,0.85483870967741937,"{'min_samples_split': 0.85483870967741937, 'criterion': 'gini', 'max_depth': 4.0, 'min_samples_leaf': 0.3193548387096774}",103,0.576068415686,0.573645743626,0.592757738653,0.57030454929,0.568939319134,0.575071397923,0.573925291729,0.57407502583,0.572983742151,0.574262846682,0.5595981715,0.576938463937,0.000269503376672,4.12963224993e-05,0.00991807860751,0.0019842811974
3,0.0168999830882,0.00111969312032,0.572826849561,0.572827943976,entropy,25.0,0.47419354838709682,0.70967741935483875,"{'min_samples_split': 0.70967741935483875, 'criterion': 'entropy', 'max_depth': 25.0, 'min_samples_leaf': 0.47419354838709682}",118,0.585477890053,0.57029442941,0.573210508984,0.572752218466,0.572529521442,0.572888070472,0.580926796118,0.571209173513,0.570041181903,0.573385560112,0.554763218578,0.576438211884,0.000159865282318,5.68066419778e-05,0.00966063356714,0.00193190033991
74,0.0178858439128,0.00114413102468,0.572826849561,0.572827943976,entropy,32.0,0.46129032258064517,1.0,"{'min_samples_split': 1.0, 'criterion': 'entropy', 'max_depth': 32.0, 'min_samples_leaf': 0.46129032258064517}",118,0.585477890053,0.57029442941,0.573210508984,0.572752218466,0.572529521442,0.572888070472,0.580926796118,0.571209173513,0.570041181903,0.573385560112,0.554763218578,0.576438211884,0.000435121890362,4.83538147358e-05,0.00966063356714,0.00193190033991
188,0.0167713562648,0.0010423262914,0.572826849561,0.572827943976,entropy,19.0,0.46129032258064517,0.47741935483870968,"{'min_samples_split': 0.47741935483870968, 'criterion': 'entropy', 'max_depth': 19.0, 'min_samples_leaf': 0.46129032258064517}",118,0.585477890053,0.57029442941,0.573210508984,0.572752218466,0.572529521442,0.572888070472,0.580926796118,0.571209173513,0.570041181903,0.573385560112,0.554763218578,0.576438211884,0.00017297315382,2.18875599662e-05,0.00966063356714,0.00193190033991
90,0.0169803698858,0.0011138121287,0.572826849561,0.572827943976,entropy,11.0,0.47419354838709682,0.6225806451612903,"{'min_samples_split': 0.6225806451612903, 'criterion': 'entropy', 'max_depth': 11.0, 'min_samples_leaf': 0.47419354838709682}",118,0.585477890053,0.57029442941,0.573210508984,0.572752218466,0.572529521442,0.572888070472,0.580926796118,0.571209173513,0.570041181903,0.573385560112,0.554763218578,0.576438211884,0.000187291485716,6.63767296313e-05,0.00966063356714,0.00193190033991
92,0.0167002677917,0.00106970469157,0.572826849561,0.572827943976,gini,16.0,0.47419354838709682,0.33225806451612905,"{'min_samples_split': 0.33225806451612905, 'criterion': 'gini', 'max_depth': 16.0, 'min_samples_leaf': 0.47419354838709682}",118,0.585477890053,0.57029442941,0.573210508984,0.572752218466,0.572529521442,0.572888070472,0.580926796118,0.571209173513,0.570041181903,0.573385560112,0.554763218578,0.576438211884,0.000160754482053,5.84638893316e-05,0.00966063356714,0.00193190033991
22,0.0166886250178,0.00103211402893,0.572826849561,0.572827943976,gini,28.0,0.46129032258064517,0.18709677419354839,"{'min_samples_split': 0.18709677419354839, 'criterion': 'gini', 'max_depth': 28.0, 'min_samples_leaf': 0.46129032258064517}",118,0.585477890053,0.57029442941,0.573210508984,0.572752218466,0.572529521442,0.572888070472,0.580926796118,0.571209173513,0.570041181903,0.573385560112,0.554763218578,0.576438211884,0.000208048429946,2.67875413559e-05,0.00966063356714,0.00193190033991
151,0.017021894455,0.00132513046265,0.572826849561,0.572827943976,gini,16.0,0.46129032258064517,0.33225806451612905,"{'min_samples_split': 0.33225806451612905, 'criterion': 'gini', 'max_depth': 16.0, 'min_samples_leaf': 0.46129032258064517}",118,0.585477890053,0.57029442941,0.573210508984,0.572752218466,0.572529521442,0.572888070472,0.580926796118,0.571209173513,0.570041181903,0.573385560112,0.554763218578,0.576438211884,0.000462591255141,0.000556430519768,0.00966063356714,0.00193190033991
143,0.0168907245,0.00107896327972,0.572826849561,0.572827943976,entropy,11.0,0.47419354838709682,0.6806451612903226,"{'min_samples_split': 0.6806451612903226, 'criterion': 'entropy', 'max_depth': 11.0, 'min_samples_leaf': 0.47419354838709682}",118,0.585477890053,0.57029442941,0.573210508984,0.572752218466,0.572529521442,0.572888070472,0.580926796118,0.571209173513,0.570041181903,0.573385560112,0.554763218578,0.576438211884,0.000348656893953,6.48844310612e-05,0.00966063356714,0.00193190033991
35,0.0173511505127,0.00112418333689,0.572826849561,0.572827943976,gini,18.0,0.47419354838709682,0.3612903225806452,"{'min_samples_split': 0.3612903225806452, 'criterion': 'gini', 'max_depth': 18.0, 'min_samples_leaf': 0.47419354838709682}",118,0.585477890053,0.57029442941,0.573210508984,0.572752218466,0.572529521442,0.572888070472,0.580926796118,0.571209173513,0.570041181903,0.573385560112,0.554763218578,0.576438211884,0.000695807021628,9.38165664064e-05,0.00966063356714,0.00193190033991
100,0.0170263449351,0.00114917755127,0.572826849561,0.572827943976,entropy,32.0,0.47419354838709682,0.33225806451612905,"{'min_samples_split': 0.33225806451612905, 'criterion': 'entropy', 'max_depth': 32.0, 'min_samples_leaf': 0.47419354838709682}",118,0.585477890053,0.57029442941,0.573210508984,0.572752218466,0.572529521442,0.572888070472,0.580926796118,0.571209173513,0.570041181903,0.573385560112,0.554763218578,0.576438211884,0.000429666148147,0.000122270227932,0.00966063356714,0.00193190033991
112,0.0171155532201,0.00112009048462,0.572826849561,0.572827943976,entropy,6.0,0.47419354838709682,0.41935483870967749,"{'min_samples_split': 0.41935483870967749, 'criterion': 'entropy', 'max_depth': 6.0, 'min_samples_leaf': 0.47419354838709682}",118,0.585477890053,0.57029442941,0.573210508984,0.572752218466,0.572529521442,0.572888070472,0.580926796118,0.571209173513,0.570041181903,0.573385560112,0.554763218578,0.576438211884,0.000156049978854,6.53564137226e-05,0.00966063356714,0.00193190033991
120,0.016818523407,0.00105965137482,0.572826849561,0.572827943976,gini,14.0,0.47419354838709682,0.79677419354838708,"{'min_samples_split': 0.79677419354838708, 'criterion': 'gini', 'max_depth': 14.0, 'min_samples_leaf': 0.47419354838709682}",118,0.585477890053,0.57029442941,0.573210508984,0.572752218466,0.572529521442,0.572888070472,0.580926796118,0.571209173513,0.570041181903,0.573385560112,0.554763218578,0.576438211884,0.00019665741796,4.08973582915e-05,0.00966063356714,0.00193190033991
114,0.0168351729711,0.00108015537262,0.572826849561,0.572827943976,entropy,26.0,0.47419354838709682,0.88387096774193552,"{'min_samples_split': 0.88387096774193552, 'criterion': 'entropy', 'max_depth': 26.0, 'min_samples_leaf': 0.47419354838709682}",118,0.585477890053,0.57029442941,0.573210508984,0.572752218466,0.572529521442,0.572888070472,0.580926796118,0.571209173513,0.570041181903,0.573385560112,0.554763218578,0.576438211884,0.000151628056829,3.24391673877e-05,0.00966063356714,0.00193190033991
81,0.016614317894,0.00106783707937,0.571132069631,0.571581057042,entropy,28.0,0.48709677419354835,0.79677419354838708,"{'min_samples_split': 0.79677419354838708, 'criterion': 'entropy', 'max_depth': 28.0, 'min_samples_leaf': 0.48709677419354835}",131,0.580826457773,0.569322922908,0.574150881701,0.570660267364,0.573489658057,0.570793325937,0.576286426236,0.57023404182,0.56726532414,0.572037572342,0.554763218578,0.576438211884,0.000204863895449,2.92780916615e-05,0.00834770848883,0.00231597182907
130,0.0170340538025,0.00109481811523,0.571132069631,0.571581057042,entropy,25.0,0.48709677419354835,0.6806451612903226,"{'min_samples_split': 0.6806451612903226, 'criterion': 'entropy', 'max_depth': 25.0, 'min_samples_leaf': 0.48709677419354835}",131,0.580826457773,0.569322922908,0.574150881701,0.570660267364,0.573489658057,0.570793325937,0.576286426236,0.57023404182,0.56726532414,0.572037572342,0.554763218578,0.576438211884,0.000420433932004,4.11859613222e-05,0.00834770848883,0.00231597182907
54,0.0166476170222,0.00105690956116,0.571132069631,0.571581057042,entropy,11.0,0.48709677419354835,0.56451612903225812,"{'min_samples_split': 0.56451612903225812, 'criterion': 'entropy', 'max_depth': 11.0, 'min_samples_leaf': 0.48709677419354835}",131,0.580826457773,0.569322922908,0.574150881701,0.570660267364,0.573489658057,0.570793325937,0.576286426236,0.57023404182,0.56726532414,0.572037572342,0.554763218578,0.576438211884,0.000596560596867,3.42596243477e-05,0.00834770848883,0.00231597182907
95,0.0167831579844,0.00102321306864,0.571132069631,0.571581057042,gini,3.0,0.48709677419354835,0.12903225806451613,"{'min_samples_split': 0.12903225806451613, 'criterion': 'gini', 'max_depth': 3.0, 'min_samples_leaf': 0.48709677419354835}",131,0.580826457773,0.569322922908,0.574150881701,0.570660267364,0.573489658057,0.570793325937,0.576286426236,0.57023404182,0.56726532414,0.572037572342,0.554763218578,0.576438211884,0.00106070498993,3.7307407984e-05,0.00834770848883,0.00231597182907
78,0.016680041949,0.00109799702962,0.571132069631,0.571581057042,entropy,5.0,0.48709677419354835,0.15806451612903227,"{'min_samples_split': 0.15806451612903227, 'criterion': 'entropy', 'max_depth': 5.0, 'min_samples_leaf': 0.48709677419354835}",131,0.580826457773,0.569322922908,0.574150881701,0.570660267364,0.573489658057,0.570793325937,0.576286426236,0.57023404182,0.56726532414,0.572037572342,0.554763218578,0.576438211884,0.000199042410861,5.43881269963e-05,0.00834770848883,0.00231597182907
138,0.0170645316442,0.00112613042196,0.571132069631,0.571581057042,gini,19.0,0.48709677419354835,0.21612903225806451,"{'min_samples_split': 0.21612903225806451, 'criterion': 'gini', 'max_depth': 19.0, 'min_samples_leaf': 0.48709677419354835}",131,0.580826457773,0.569322922908,0.574150881701,0.570660267364,0.573489658057,0.570793325937,0.576286426236,0.57023404182,0.56726532414,0.572037572342,0.554763218578,0.576438211884,0.000474420251961,5.61715161838e-05,0.00834770848883,0.00231597182907
144,0.0167436599731,0.00111067295074,0.571132069631,0.571581057042,gini,18.0,0.48709677419354835,0.10000000000000001,"{'min_samples_split': 0.10000000000000001, 'criterion': 'gini', 'max_depth': 18.0, 'min_samples_leaf': 0.48709677419354835}",131,0.580826457773,0.569322922908,0.574150881701,0.570660267364,0.573489658057,0.570793325937,0.576286426236,0.57023404182,0.56726532414,0.572037572342,0.554763218578,0.576438211884,0.000306015176527,7.29972060157e-05,0.00834770848883,0.00231597182907
168,0.0164783795675,0.00108496348063,0.571132069631,0.571581057042,gini,30.0,0.48709677419354835,0.44838709677419353,"{'min_samples_split': 0.44838709677419353, 'criterion': 'gini', 'max_depth': 30.0, 'min_samples_leaf': 0.48709677419354835}",131,0.580826457773,0.569322922908,0.574150881701,0.570660267364,0.573489658057,0.570793325937,0.576286426236,0.57023404182,0.56726532414,0.572037572342,0.554763218578,0.576438211884,0.000219141377766,2.9841291593e-05,0.00834770848883,0.00231597182907
119,0.0191243489583,0.00104896227519,0.570788584005,0.574457616077,entropy,23.0,0.29354838709677422,0.91290322580645167,"{'min_samples_split': 0.91290322580645167, 'criterion': 'entropy', 'max_depth': 23.0, 'min_samples_leaf': 0.29354838709677422}",139,0.576068415686,0.573645743626,0.573210508984,0.572752218466,0.568939319134,0.575071397923,0.573925291729,0.57407502583,0.572983742151,0.574262846682,0.5595981715,0.576938463937,8.6829509392e-05,1.86590360037e-05,0.00543188986472,0.00130914492206
62,0.0189040899277,0.00104896227519,0.570788584005,0.574457616077,entropy,13.0,0.34516129032258064,0.65161290322580645,"{'min_samples_split': 0.65161290322580645, 'criterion': 'entropy', 'max_depth': 13.0, 'min_samples_leaf': 0.34516129032258064}",139,0.576068415686,0.573645743626,0.573210508984,0.572752218466,0.568939319134,0.575071397923,0.573925291729,0.57407502583,0.572983742151,0.574262846682,0.5595981715,0.576938463937,0.000860573864875,3.26223262809e-05,0.00543188986472,0.00130914492206
26,0.0194414456685,0.00115009148916,0.570788584005,0.574457616077,entropy,7.0,0.29354838709677422,0.76774193548387093,"{'min_samples_split': 0.76774193548387093, 'criterion': 'entropy', 'max_depth': 7.0, 'min_samples_leaf': 0.29354838709677422}",139,0.576068415686,0.573645743626,0.573210508984,0.572752218466,0.568939319134,0.575071397923,0.573925291729,0.57407502583,0.572983742151,0.574262846682,0.5595981715,0.576938463937,0.0001503186232,4.20170423768e-05,0.00543188986472,0.00130914492206
187,0.0191841125488,0.00113968054454,0.570788584005,0.574457616077,entropy,29.0,0.33225806451612905,0.9419354838709677,"{'min_samples_split': 0.9419354838709677, 'criterion': 'entropy', 'max_depth': 29.0, 'min_samples_leaf': 0.33225806451612905}",139,0.576068415686,0.573645743626,0.573210508984,0.572752218466,0.568939319134,0.575071397923,0.573925291729,0.57407502583,0.572983742151,0.574262846682,0.5595981715,0.576938463937,0.000998128307066,0.000186141118396,0.00543188986472,0.00130914492206
172,0.019207795461,0.00119690100352,0.570788584005,0.574457616077,entropy,26.0,0.33225806451612905,0.3612903225806452,"{'min_samples_split': 0.3612903225806452, 'criterion': 'entropy', 'max_depth': 26.0, 'min_samples_leaf': 0.33225806451612905}",139,0.576068415686,0.573645743626,0.573210508984,0.572752218466,0.568939319134,0.575071397923,0.573925291729,0.57407502583,0.572983742151,0.574262846682,0.5595981715,0.576938463937,0.000288742836457,7.80430867049e-05,0.00543188986472,0.00130914492206
116,0.0186500151952,0.00109497706095,0.570788584005,0.574457616077,entropy,22.0,0.34516129032258064,0.76774193548387093,"{'min_samples_split': 0.76774193548387093, 'criterion': 'entropy', 'max_depth': 22.0, 'min_samples_leaf': 0.34516129032258064}",139,0.576068415686,0.573645743626,0.573210508984,0.572752218466,0.568939319134,0.575071397923,0.573925291729,0.57407502583,0.572983742151,0.574262846682,0.5595981715,0.576938463937,0.000194633613021,3.09511845028e-05,0.00543188986472,0.00130914492206
6,0.0190041859945,0.00120266278585,0.570788584005,0.574457616077,entropy,9.0,0.34516129032258064,0.79677419354838708,"{'min_samples_split': 0.79677419354838708, 'criterion': 'entropy', 'max_depth': 9.0, 'min_samples_leaf': 0.34516129032258064}",139,0.576068415686,0.573645743626,0.573210508984,0.572752218466,0.568939319134,0.575071397923,0.573925291729,0.57407502583,0.572983742151,0.574262846682,0.5595981715,0.576938463937,0.000451553536317,0.000161167941984,0.00543188986472,0.00130914492206
17,0.0188366174698,0.00114321708679,0.570788584005,0.574457616077,entropy,14.0,0.34516129032258064,0.88387096774193552,"{'min_samples_split': 0.88387096774193552, 'criterion': 'entropy', 'max_depth': 14.0, 'min_samples_leaf': 0.34516129032258064}",139,0.576068415686,0.573645743626,0.573210508984,0.572752218466,0.568939319134,0.575071397923,0.573925291729,0.57407502583,0.572983742151,0.574262846682,0.5595981715,0.576938463937,9.43025854023e-05,3.81730407814e-05,0.00543188986472,0.00130914492206
135,0.0194792350133,0.00128316879272,0.570788584005,0.574457616077,entropy,25.0,0.33225806451612905,0.15806451612903227,"{'min_samples_split': 0.15806451612903227, 'criterion': 'entropy', 'max_depth': 25.0, 'min_samples_leaf': 0.33225806451612905}",139,0.576068415686,0.573645743626,0.573210508984,0.572752218466,0.568939319134,0.575071397923,0.573925291729,0.57407502583,0.572983742151,0.574262846682,0.5595981715,0.576938463937,0.000519546222449,0.000376573246085,0.00543188986472,0.00130914492206
49,0.0185642242432,0.00110137462616,0.570788584005,0.574457616077,entropy,13.0,0.34516129032258064,0.3032258064516129,"{'min_samples_split': 0.3032258064516129, 'criterion': 'entropy', 'max_depth': 13.0, 'min_samples_leaf': 0.34516129032258064}",139,0.576068415686,0.573645743626,0.573210508984,0.572752218466,0.568939319134,0.575071397923,0.573925291729,0.57407502583,0.572983742151,0.574262846682,0.5595981715,0.576938463937,0.00023150665015,9.1553225905e-05,0.00543188986472,0.00130914492206
70,0.0191204945246,0.00104904174805,0.570788584005,0.574457616077,entropy,3.0,0.28064516129032258,0.88387096774193552,"{'min_samples_split': 0.88387096774193552, 'criterion': 'entropy', 'max_depth': 3.0, 'min_samples_leaf': 0.28064516129032258}",139,0.576068415686,0.573645743626,0.573210508984,0.572752218466,0.568939319134,0.575071397923,0.573925291729,0.57407502583,0.572983742151,0.574262846682,0.5595981715,0.576938463937,7.18004741047e-05,2.46898526497e-05,0.00543188986472,0.00130914492206
41,0.0191515684128,0.00108408927917,0.570788584005,0.574457616077,entropy,22.0,0.33225806451612905,0.12903225806451613,"{'min_samples_split': 0.12903225806451613, 'criterion': 'entropy', 'max_depth': 22.0, 'min_samples_leaf': 0.33225806451612905}",139,0.576068415686,0.573645743626,0.573210508984,0.572752218466,0.568939319134,0.575071397923,0.573925291729,0.57407502583,0.572983742151,0.574262846682,0.5595981715,0.576938463937,0.000676520210314,5.43193362498e-05,0.00543188986472,0.00130914492206
75,0.0175406535467,0.00113399823507,0.570673878508,0.573072961524,entropy,20.0,0.44838709677419353,0.85483870967741937,"{'min_samples_split': 0.85483870967741937, 'criterion': 'entropy', 'max_depth': 20.0, 'min_samples_leaf': 0.44838709677419353}",151,0.583951747474,0.570229747469,0.573210508984,0.572752218466,0.572592252691,0.572504257598,0.580926796118,0.571209173513,0.558585178,0.575304160212,0.554763218578,0.576438211884,0.000254182921906,4.10109218273e-05,0.0107302602539,0.00217129108106
195,0.0170261065165,0.0010579029719,0.570673878508,0.573072961524,entropy,20.0,0.44838709677419353,0.65161290322580645,"{'min_samples_split': 0.65161290322580645, 'criterion': 'entropy', 'max_depth': 20.0, 'min_samples_leaf': 0.44838709677419353}",151,0.583951747474,0.570229747469,0.573210508984,0.572752218466,0.572592252691,0.572504257598,0.580926796118,0.571209173513,0.558585178,0.575304160212,0.554763218578,0.576438211884,0.000150625055864,1.96992123618e-05,0.0107302602539,0.00217129108106
61,0.0175561507543,0.00106465816498,0.570673878508,0.573072961524,entropy,10.0,0.4096774193548387,0.27419354838709675,"{'min_samples_split': 0.27419354838709675, 'criterion': 'entropy', 'max_depth': 10.0, 'min_samples_leaf': 0.4096774193548387}",151,0.583951747474,0.570229747469,0.573210508984,0.572752218466,0.572592252691,0.572504257598,0.580926796118,0.571209173513,0.558585178,0.575304160212,0.554763218578,0.576438211884,0.0001557723447,3.43153694481e-05,0.0107302602539,0.00217129108106
68,0.0171176592509,0.00103012720744,0.570673878508,0.573072961524,entropy,4.0,0.43548387096774199,0.79677419354838708,"{'min_samples_split': 0.79677419354838708, 'criterion': 'entropy', 'max_depth': 4.0, 'min_samples_leaf': 0.43548387096774199}",151,0.583951747474,0.570229747469,0.573210508984,0.572752218466,0.572592252691,0.572504257598,0.580926796118,0.571209173513,0.558585178,0.575304160212,0.554763218578,0.576438211884,0.000155899480349,1.23000779374e-05,0.0107302602539,0.00217129108106
133,0.0177464882533,0.00104594230652,0.570673878508,0.573072961524,entropy,18.0,0.4096774193548387,0.12903225806451613,"{'min_samples_split': 0.12903225806451613, 'criterion': 'entropy', 'max_depth': 18.0, 'min_samples_leaf': 0.4096774193548387}",151,0.583951747474,0.570229747469,0.573210508984,0.572752218466,0.572592252691,0.572504257598,0.580926796118,0.571209173513,0.558585178,0.575304160212,0.554763218578,0.576438211884,0.000376795413367,1.43256305234e-05,0.0107302602539,0.00217129108106
89,0.0179811318715,0.00111949443817,0.570673878508,0.573072961524,entropy,12.0,0.4096774193548387,0.12903225806451613,"{'min_samples_split': 0.12903225806451613, 'criterion': 'entropy', 'max_depth': 12.0, 'min_samples_leaf': 0.4096774193548387}",151,0.583951747474,0.570229747469,0.573210508984,0.572752218466,0.572592252691,0.572504257598,0.580926796118,0.571209173513,0.558585178,0.575304160212,0.554763218578,0.576438211884,0.000217129728405,3.20791142381e-05,0.0107302602539,0.00217129108106
154,0.0173153479894,0.00111635526021,0.570673878508,0.573072961524,entropy,25.0,0.44838709677419353,0.70967741935483875,"{'min_samples_split': 0.70967741935483875, 'criterion': 'entropy', 'max_depth': 25.0, 'min_samples_leaf': 0.44838709677419353}",151,0.583951747474,0.570229747469,0.573210508984,0.572752218466,0.572592252691,0.572504257598,0.580926796118,0.571209173513,0.558585178,0.575304160212,0.554763218578,0.576438211884,9.4379776227e-05,2.84264098821e-05,0.0107302602539,0.00217129108106
113,0.0176406701406,0.00108500321706,0.570673878508,0.573072961524,entropy,1.0,0.42258064516129035,0.47741935483870968,"{'min_samples_split': 0.47741935483870968, 'criterion': 'entropy', 'max_depth': 1.0, 'min_samples_leaf': 0.42258064516129035}",151,0.583951747474,0.570229747469,0.573210508984,0.572752218466,0.572592252691,0.572504257598,0.580926796118,0.571209173513,0.558585178,0.575304160212,0.554763218578,0.576438211884,0.000258229542769,4.52385074506e-05,0.0107302602539,0.00217129108106
182,0.0182093779246,0.00114599863688,0.570673878508,0.573072961524,entropy,28.0,0.42258064516129035,0.12903225806451613,"{'min_samples_split': 0.12903225806451613, 'criterion': 'entropy', 'max_depth': 28.0, 'min_samples_leaf': 0.42258064516129035}",151,0.583951747474,0.570229747469,0.573210508984,0.572752218466,0.572592252691,0.572504257598,0.580926796118,0.571209173513,0.558585178,0.575304160212,0.554763218578,0.576438211884,0.00059443519356,0.00011251813393,0.0107302602539,0.00217129108106
161,0.0172930558523,0.0012184381485,0.570663425737,0.573136930336,gini,1.0,0.42258064516129035,0.91290322580645167,"{'min_samples_split': 0.91290322580645167, 'criterion': 'gini', 'max_depth': 1.0, 'min_samples_leaf': 0.42258064516129035}",160,0.583951747474,0.570229747469,0.573210508984,0.572752218466,0.572529521442,0.572888070472,0.580926796118,0.571209173513,0.558585178,0.575304160212,0.554763218578,0.576438211884,0.000481909725591,0.000296761727741,0.0107284167947,0.00215921429553
149,0.0170761744181,0.00105472405752,0.570663425737,0.573136930336,gini,26.0,0.44838709677419353,0.9419354838709677,"{'min_samples_split': 0.9419354838709677, 'criterion': 'gini', 'max_depth': 26.0, 'min_samples_leaf': 0.44838709677419353}",160,0.583951747474,0.570229747469,0.573210508984,0.572752218466,0.572529521442,0.572888070472,0.580926796118,0.571209173513,0.558585178,0.575304160212,0.554763218578,0.576438211884,0.000404329036173,2.33704602253e-05,0.0107284167947,0.00215921429553
158,0.0168772141139,0.00106545289358,0.570663425737,0.573136930336,gini,27.0,0.43548387096774199,0.65161290322580645,"{'min_samples_split': 0.65161290322580645, 'criterion': 'gini', 'max_depth': 27.0, 'min_samples_leaf': 0.43548387096774199}",160,0.583951747474,0.570229747469,0.573210508984,0.572752218466,0.572529521442,0.572888070472,0.580926796118,0.571209173513,0.558585178,0.575304160212,0.554763218578,0.576438211884,0.000101995922968,1.70844930555e-05,0.0107284167947,0.00215921429553
157,0.0168789625168,0.00109438101451,0.570663425737,0.573136930336,gini,17.0,0.43548387096774199,0.24516129032258066,"{'min_samples_split': 0.24516129032258066, 'criterion': 'gini', 'max_depth': 17.0, 'min_samples_leaf': 0.43548387096774199}",160,0.583951747474,0.570229747469,0.573210508984,0.572752218466,0.572529521442,0.572888070472,0.580926796118,0.571209173513,0.558585178,0.575304160212,0.554763218578,0.576438211884,0.000263076824673,6.05388258092e-05,0.0107284167947,0.00215921429553
184,0.0172090133031,0.00104379653931,0.570663425737,0.573136930336,gini,25.0,0.43548387096774199,0.6225806451612903,"{'min_samples_split': 0.6225806451612903, 'criterion': 'gini', 'max_depth': 25.0, 'min_samples_leaf': 0.43548387096774199}",160,0.583951747474,0.570229747469,0.573210508984,0.572752218466,0.572529521442,0.572888070472,0.580926796118,0.571209173513,0.558585178,0.575304160212,0.554763218578,0.576438211884,0.000596622608453,4.2858350844e-05,0.0107284167947,0.00215921429553
86,0.016877969106,0.0011480251948,0.570663425737,0.573136930336,gini,30.0,0.43548387096774199,0.9419354838709677,"{'min_samples_split': 0.9419354838709677, 'criterion': 'gini', 'max_depth': 30.0, 'min_samples_leaf': 0.43548387096774199}",160,0.583951747474,0.570229747469,0.573210508984,0.572752218466,0.572529521442,0.572888070472,0.580926796118,0.571209173513,0.558585178,0.575304160212,0.554763218578,0.576438211884,0.000207035875396,0.000185119881033,0.0107284167947,0.00215921429553
96,0.0171141624451,0.00106239318848,0.570663425737,0.573136930336,gini,24.0,0.42258064516129035,0.12903225806451613,"{'min_samples_split': 0.12903225806451613, 'criterion': 'gini', 'max_depth': 24.0, 'min_samples_leaf': 0.42258064516129035}",160,0.583951747474,0.570229747469,0.573210508984,0.572752218466,0.572529521442,0.572888070472,0.580926796118,0.571209173513,0.558585178,0.575304160212,0.554763218578,0.576438211884,0.000655874098797,0.00011795295868,0.0107284167947,0.00215921429553
4,0.0175012350082,0.00114297866821,0.570663425737,0.573136930336,gini,29.0,0.42258064516129035,0.97096774193548385,"{'min_samples_split': 0.97096774193548385, 'criterion': 'gini', 'max_depth': 29.0, 'min_samples_leaf': 0.42258064516129035}",160,0.583951747474,0.570229747469,0.573210508984,0.572752218466,0.572529521442,0.572888070472,0.580926796118,0.571209173513,0.558585178,0.575304160212,0.554763218578,0.576438211884,0.000141637944358,0.000142193914602,0.0107284167947,0.00215921429553
13,0.0184141397476,0.00110205014547,0.569664452625,0.57252949707,entropy,1.0,0.37096774193548387,0.73870967741935489,"{'min_samples_split': 0.73870967741935489, 'criterion': 'entropy', 'max_depth': 1.0, 'min_samples_leaf': 0.37096774193548387}",168,0.581186845277,0.56929259091,0.573210508984,0.572752218466,0.569855892381,0.5715604642,0.580926796118,0.571209173513,0.558031051968,0.573924323448,0.554763218578,0.576438211884,0.000212635992674,3.2045995647e-05,0.0102435569531,0.00225214850862
175,0.0179345607758,0.00107216835022,0.569664452625,0.57252949707,entropy,25.0,0.39677419354838706,0.41935483870967749,"{'min_samples_split': 0.41935483870967749, 'criterion': 'entropy', 'max_depth': 25.0, 'min_samples_leaf': 0.39677419354838706}",168,0.581186845277,0.56929259091,0.573210508984,0.572752218466,0.569855892381,0.5715604642,0.580926796118,0.571209173513,0.558031051968,0.573924323448,0.554763218578,0.576438211884,0.000464870845992,2.94428443842e-05,0.0102435569531,0.00225214850862
46,0.0185097455978,0.0011370976766,0.569664452625,0.57252949707,entropy,10.0,0.37096774193548387,0.27419354838709675,"{'min_samples_split': 0.27419354838709675, 'criterion': 'entropy', 'max_depth': 10.0, 'min_samples_leaf': 0.37096774193548387}",168,0.581186845277,0.56929259091,0.573210508984,0.572752218466,0.569855892381,0.5715604642,0.580926796118,0.571209173513,0.558031051968,0.573924323448,0.554763218578,0.576438211884,0.000180522845718,2.66238824603e-05,0.0102435569531,0.00225214850862
80,0.0181010166804,0.00106048583984,0.569664452625,0.57252949707,entropy,29.0,0.35806451612903223,0.70967741935483875,"{'min_samples_split': 0.70967741935483875, 'criterion': 'entropy', 'max_depth': 29.0, 'min_samples_leaf': 0.35806451612903223}",168,0.581186845277,0.56929259091,0.573210508984,0.572752218466,0.569855892381,0.5715604642,0.580926796118,0.571209173513,0.558031051968,0.573924323448,0.554763218578,0.576438211884,0.000156857648014,4.19625730128e-05,0.0102435569531,0.00225214850862
128,0.0187744299571,0.0012180407842,0.569664452625,0.57252949707,entropy,21.0,0.37096774193548387,0.3612903225806452,"{'min_samples_split': 0.3612903225806452, 'criterion': 'entropy', 'max_depth': 21.0, 'min_samples_leaf': 0.37096774193548387}",168,0.581186845277,0.56929259091,0.573210508984,0.572752218466,0.569855892381,0.5715604642,0.580926796118,0.571209173513,0.558031051968,0.573924323448,0.554763218578,0.576438211884,0.00026736481942,0.000194957620018,0.0102435569531,0.00225214850862
65,0.0180162191391,0.0010503133138,0.569664452625,0.57252949707,entropy,1.0,0.37096774193548387,0.9419354838709677,"{'min_samples_split': 0.9419354838709677, 'criterion': 'entropy', 'max_depth': 1.0, 'min_samples_leaf': 0.37096774193548387}",168,0.581186845277,0.56929259091,0.573210508984,0.572752218466,0.569855892381,0.5715604642,0.580926796118,0.571209173513,0.558031051968,0.573924323448,0.554763218578,0.576438211884,0.00011097898278,3.08238946682e-05,0.0102435569531,0.00225214850862
37,0.0186200141907,0.00110312302907,0.569664452625,0.57252949707,entropy,8.0,0.35806451612903223,0.91290322580645167,"{'min_samples_split': 0.91290322580645167, 'criterion': 'entropy', 'max_depth': 8.0, 'min_samples_leaf': 0.35806451612903223}",168,0.581186845277,0.56929259091,0.573210508984,0.572752218466,0.569855892381,0.5715604642,0.580926796118,0.571209173513,0.558031051968,0.573924323448,0.554763218578,0.576438211884,0.000201382329034,4.20323720592e-05,0.0102435569531,0.00225214850862
164,0.0182642936707,0.00107034047445,0.569664452625,0.57252949707,entropy,11.0,0.35806451612903223,0.73870967741935489,"{'min_samples_split': 0.73870967741935489, 'criterion': 'entropy', 'max_depth': 11.0, 'min_samples_leaf': 0.35806451612903223}",168,0.581186845277,0.56929259091,0.573210508984,0.572752218466,0.569855892381,0.5715604642,0.580926796118,0.571209173513,0.558031051968,0.573924323448,0.554763218578,0.576438211884,0.000169511362193,4.51240710827e-05,0.0102435569531,0.00225214850862
131,0.0191644827525,0.00120798746745,0.569664452625,0.57252949707,entropy,29.0,0.35806451612903223,0.41935483870967749,"{'min_samples_split': 0.41935483870967749, 'criterion': 'entropy', 'max_depth': 29.0, 'min_samples_leaf': 0.35806451612903223}",168,0.581186845277,0.56929259091,0.573210508984,0.572752218466,0.569855892381,0.5715604642,0.580926796118,0.571209173513,0.558031051968,0.573924323448,0.554763218578,0.576438211884,0.000975809154279,0.000101288494852,0.0102435569531,0.00225214850862
137,0.0184614658356,0.00110733509064,0.569664452625,0.57252949707,entropy,3.0,0.35806451612903223,0.44838709677419353,"{'min_samples_split': 0.44838709677419353, 'criterion': 'entropy', 'max_depth': 3.0, 'min_samples_leaf': 0.35806451612903223}",168,0.581186845277,0.56929259091,0.573210508984,0.572752218466,0.569855892381,0.5715604642,0.580926796118,0.571209173513,0.558031051968,0.573924323448,0.554763218578,0.576438211884,0.000306559631313,9.48214548629e-05,0.0102435569531,0.00225214850862
156,0.0194249947866,0.00111067295074,0.569664452625,0.57252949707,entropy,30.0,0.35806451612903223,0.59354838709677427,"{'min_samples_split': 0.59354838709677427, 'criterion': 'entropy', 'max_depth': 30.0, 'min_samples_leaf': 0.35806451612903223}",168,0.581186845277,0.56929259091,0.573210508984,0.572752218466,0.569855892381,0.5715604642,0.580926796118,0.571209173513,0.558031051968,0.573924323448,0.554763218578,0.576438211884,0.000511509613004,5.99629046316e-05,0.0102435569531,0.00225214850862
111,0.0183966159821,0.00111333529154,0.569664452625,0.57252949707,entropy,13.0,0.38387096774193552,0.21612903225806451,"{'min_samples_split': 0.21612903225806451, 'criterion': 'entropy', 'max_depth': 13.0, 'min_samples_leaf': 0.38387096774193552}",168,0.581186845277,0.56929259091,0.573210508984,0.572752218466,0.569855892381,0.5715604642,0.580926796118,0.571209173513,0.558031051968,0.573924323448,0.554763218578,0.576438211884,0.000347573704655,3.33407353773e-05,0.0102435569531,0.00225214850862
141,0.0186418294907,0.00112513701121,0.569664452625,0.57252949707,entropy,28.0,0.35806451612903223,0.33225806451612905,"{'min_samples_split': 0.33225806451612905, 'criterion': 'entropy', 'max_depth': 28.0, 'min_samples_leaf': 0.35806451612903223}",168,0.581186845277,0.56929259091,0.573210508984,0.572752218466,0.569855892381,0.5715604642,0.580926796118,0.571209173513,0.558031051968,0.573924323448,0.554763218578,0.576438211884,0.000310122968676,6.07455132341e-05,0.0102435569531,0.00225214850862
88,0.0173027912776,0.0010701417923,0.56837048469,0.573115346464,gini,20.0,0.39677419354838706,0.79677419354838708,"{'min_samples_split': 0.79677419354838708, 'criterion': 'gini', 'max_depth': 20.0, 'min_samples_leaf': 0.39677419354838706}",181,0.570203717438,0.570100244235,0.573210508984,0.572752218466,0.572529521442,0.572888070472,0.580926796118,0.571209173513,0.558585178,0.575304160212,0.554763218578,0.576438211884,0.000249053376712,4.88495853291e-05,0.00896805965312,0.00218861422339
123,0.0176382064819,0.0011203289032,0.56837048469,0.573115346464,gini,24.0,0.35806451612903223,0.21612903225806451,"{'min_samples_split': 0.21612903225806451, 'criterion': 'gini', 'max_depth': 24.0, 'min_samples_leaf': 0.35806451612903223}",181,0.570203717438,0.570100244235,0.573210508984,0.572752218466,0.572529521442,0.572888070472,0.580926796118,0.571209173513,0.558585178,0.575304160212,0.554763218578,0.576438211884,0.000271847647728,8.68312914915e-05,0.00896805965312,0.00218861422339
5,0.017193198204,0.000995953877767,0.56837048469,0.573115346464,gini,24.0,0.35806451612903223,0.18709677419354839,"{'min_samples_split': 0.18709677419354839, 'criterion': 'gini', 'max_depth': 24.0, 'min_samples_leaf': 0.35806451612903223}",181,0.570203717438,0.570100244235,0.573210508984,0.572752218466,0.572529521442,0.572888070472,0.580926796118,0.571209173513,0.558585178,0.575304160212,0.554763218578,0.576438211884,0.000314582323044,2.13863222651e-05,0.00896805965312,0.00218861422339
31,0.0175148248672,0.0012168486913,0.56837048469,0.573115346464,gini,8.0,0.37096774193548387,0.53548387096774197,"{'min_samples_split': 0.53548387096774197, 'criterion': 'gini', 'max_depth': 8.0, 'min_samples_leaf': 0.37096774193548387}",181,0.570203717438,0.570100244235,0.573210508984,0.572752218466,0.572529521442,0.572888070472,0.580926796118,0.571209173513,0.558585178,0.575304160212,0.554763218578,0.576438211884,0.000133920287485,0.000413274873598,0.00896805965312,0.00218861422339
97,0.0174557367961,0.00106060504913,0.56837048469,0.573115346464,gini,16.0,0.35806451612903223,0.91290322580645167,"{'min_samples_split': 0.91290322580645167, 'criterion': 'gini', 'max_depth': 16.0, 'min_samples_leaf': 0.35806451612903223}",181,0.570203717438,0.570100244235,0.573210508984,0.572752218466,0.572529521442,0.572888070472,0.580926796118,0.571209173513,0.558585178,0.575304160212,0.554763218578,0.576438211884,0.000214171453695,5.80518233446e-05,0.00896805965312,0.00218861422339
63,0.0167793432872,0.00100962320964,0.56837048469,0.573115346464,gini,25.0,0.39677419354838706,1.0,"{'min_samples_split': 1.0, 'criterion': 'gini', 'max_depth': 25.0, 'min_samples_leaf': 0.39677419354838706}",181,0.570203717438,0.570100244235,0.573210508984,0.572752218466,0.572529521442,0.572888070472,0.580926796118,0.571209173513,0.558585178,0.575304160212,0.554763218578,0.576438211884,8.77308741815e-05,2.4197887134e-05,0.00896805965312,0.00218861422339
145,0.017530798912,0.00108428796132,0.56837048469,0.573115346464,gini,21.0,0.39677419354838706,0.56451612903225812,"{'min_samples_split': 0.56451612903225812, 'criterion': 'gini', 'max_depth': 21.0, 'min_samples_leaf': 0.39677419354838706}",181,0.570203717438,0.570100244235,0.573210508984,0.572752218466,0.572529521442,0.572888070472,0.580926796118,0.571209173513,0.558585178,0.575304160212,0.554763218578,0.576438211884,0.000368680414378,4.17099469786e-05,0.00896805965312,0.00218861422339
118,0.0174403587977,0.00102897485097,0.56837048469,0.573115346464,gini,29.0,0.35806451612903223,0.9419354838709677,"{'min_samples_split': 0.9419354838709677, 'criterion': 'gini', 'max_depth': 29.0, 'min_samples_leaf': 0.35806451612903223}",181,0.570203717438,0.570100244235,0.573210508984,0.572752218466,0.572529521442,0.572888070472,0.580926796118,0.571209173513,0.558585178,0.575304160212,0.554763218578,0.576438211884,0.000349139579402,5.37388313877e-05,0.00896805965312,0.00218861422339
109,0.0172219673793,0.0011058251063,0.56837048469,0.573115346464,gini,13.0,0.4096774193548387,0.21612903225806451,"{'min_samples_split': 0.21612903225806451, 'criterion': 'gini', 'max_depth': 13.0, 'min_samples_leaf': 0.4096774193548387}",181,0.570203717438,0.570100244235,0.573210508984,0.572752218466,0.572529521442,0.572888070472,0.580926796118,0.571209173513,0.558585178,0.575304160212,0.554763218578,0.576438211884,0.000309902806357,8.95225431323e-05,0.00896805965312,0.00218861422339
42,0.0172795057297,0.00109581152598,0.56837048469,0.573115346464,gini,14.0,0.39677419354838706,0.73870967741935489,"{'min_samples_split': 0.73870967741935489, 'criterion': 'gini', 'max_depth': 14.0, 'min_samples_leaf': 0.39677419354838706}",181,0.570203717438,0.570100244235,0.573210508984,0.572752218466,0.572529521442,0.572888070472,0.580926796118,0.571209173513,0.558585178,0.575304160212,0.554763218578,0.576438211884,0.000161117444545,6.752809637e-05,0.00896805965312,0.00218861422339
23,0.0175090233485,0.00113348166148,0.56837048469,0.573115346464,gini,20.0,0.35806451612903223,0.65161290322580645,"{'min_samples_split': 0.65161290322580645, 'criterion': 'gini', 'max_depth': 20.0, 'min_samples_leaf': 0.35806451612903223}",181,0.570203717438,0.570100244235,0.573210508984,0.572752218466,0.572529521442,0.572888070472,0.580926796118,0.571209173513,0.558585178,0.575304160212,0.554763218578,0.576438211884,0.000256293556099,0.000147335892886,0.00896805965312,0.00218861422339
14,0.0174315373103,0.00105162461599,0.56837048469,0.573115346464,gini,23.0,0.39677419354838706,0.33225806451612905,"{'min_samples_split': 0.33225806451612905, 'criterion': 'gini', 'max_depth': 23.0, 'min_samples_leaf': 0.39677419354838706}",181,0.570203717438,0.570100244235,0.573210508984,0.572752218466,0.572529521442,0.572888070472,0.580926796118,0.571209173513,0.558585178,0.575304160212,0.554763218578,0.576438211884,0.000594517501866,7.81880170547e-05,0.00896805965312,0.00218861422339
159,0.0172692139943,0.00112231572469,0.56837048469,0.573115346464,gini,8.0,0.37096774193548387,0.47741935483870968,"{'min_samples_split': 0.47741935483870968, 'criterion': 'gini', 'max_depth': 8.0, 'min_samples_leaf': 0.37096774193548387}",181,0.570203717438,0.570100244235,0.573210508984,0.572752218466,0.572529521442,0.572888070472,0.580926796118,0.571209173513,0.558585178,0.575304160212,0.554763218578,0.576438211884,9.57485042659e-05,4.87678519252e-05,0.00896805965312,0.00218861422339
160,0.0174462000529,0.00108214219411,0.56837048469,0.573115346464,gini,27.0,0.39677419354838706,0.56451612903225812,"{'min_samples_split': 0.56451612903225812, 'criterion': 'gini', 'max_depth': 27.0, 'min_samples_leaf': 0.39677419354838706}",181,0.570203717438,0.570100244235,0.573210508984,0.572752218466,0.572529521442,0.572888070472,0.580926796118,0.571209173513,0.558585178,0.575304160212,0.554763218578,0.576438211884,0.000526384159206,3.29858564106e-05,0.00896805965312,0.00218861422339
176,0.0174838701884,0.00111349423726,0.56837048469,0.573115346464,gini,28.0,0.38387096774193552,0.6806451612903226,"{'min_samples_split': 0.6806451612903226, 'criterion': 'gini', 'max_depth': 28.0, 'min_samples_leaf': 0.38387096774193552}",181,0.570203717438,0.570100244235,0.573210508984,0.572752218466,0.572529521442,0.572888070472,0.580926796118,0.571209173513,0.558585178,0.575304160212,0.554763218578,0.576438211884,0.000430320012212,6.37032353963e-05,0.00896805965312,0.00218861422339
174,0.0172979831696,0.00110002358754,0.56837048469,0.573115346464,gini,19.0,0.39677419354838706,0.24516129032258066,"{'min_samples_split': 0.24516129032258066, 'criterion': 'gini', 'max_depth': 19.0, 'min_samples_leaf': 0.39677419354838706}",181,0.570203717438,0.570100244235,0.573210508984,0.572752218466,0.572529521442,0.572888070472,0.580926796118,0.571209173513,0.558585178,0.575304160212,0.554763218578,0.576438211884,0.000301281380525,7.20996359044e-05,0.00896805965312,0.00218861422339
180,0.0100534756978,0.000926534334819,0.512931883133,0.50975205814,gini,12.0,0.5,0.44838709677419353,"{'min_samples_split': 0.44838709677419353, 'criterion': 'gini', 'max_depth': 12.0, 'min_samples_leaf': 0.5}",197,0.5,0.5,0.577573212248,0.558512348837,0.5,0.5,0.5,0.5,0.5,0.5,0.5,0.5,0.00292858011201,5.67480321759e-05,0.0289125252042,0.0218062649205
178,0.0100758473078,0.000998298327128,0.512931883133,0.50975205814,entropy,32.0,0.5,0.53548387096774197,"{'min_samples_split': 0.53548387096774197, 'criterion': 'entropy', 'max_depth': 32.0, 'min_samples_leaf': 0.5}",197,0.5,0.5,0.577573212248,0.558512348837,0.5,0.5,0.5,0.5,0.5,0.5,0.5,0.5,0.00307582719284,4.46959948448e-05,0.0289125252042,0.0218062649205
27,0.0100296338399,0.00105444590251,0.512931883133,0.50975205814,entropy,11.0,0.5,0.91290322580645167,"{'min_samples_split': 0.91290322580645167, 'criterion': 'entropy', 'max_depth': 11.0, 'min_samples_leaf': 0.5}",197,0.5,0.5,0.577573212248,0.558512348837,0.5,0.5,0.5,0.5,0.5,0.5,0.5,0.5,0.00313103510638,0.000137379774558,0.0289125252042,0.0218062649205
25,0.0097785393397,0.00100469589233,0.512931883133,0.50975205814,entropy,31.0,0.5,0.50645161290322582,"{'min_samples_split': 0.50645161290322582, 'criterion': 'entropy', 'max_depth': 31.0, 'min_samples_leaf': 0.5}",197,0.5,0.5,0.577573212248,0.558512348837,0.5,0.5,0.5,0.5,0.5,0.5,0.5,0.5,0.00289570760685,7.5333103008e-05,0.0289125252042,0.0218062649205
